MuiStack-root href,MuiBox-root src,MuiTypography-root,MuiTypography-root 2,MuiTypography-root 3,MuiTypography-root 4,MuiButtonBase-root 3,notranslate
https://portalb2b.neosolar.com.br/novo-pedido/produto/25046,https://portal.zydon.com.br/api/files/7b6f0b2b-afd9-4fa1-8956-5e84a158ca26/content?ingress=portalb2b.neosolar.com.br,Kit Energia Solar Off Grid - 160Wp 105Ah/12V (25046),1x 160Wp Ztroon | 1x 10A PWM Epever | 1x 105Ah/12V Freedom | Sem Inversor,1x 160Wp Ztroon | 1x 10A PWM Epever | 1x 105Ah/12V Freedom | Sem Inversor,"R$ 1.423,43",Indisponível,
https://portalb2b.neosolar.com.br/novo-pedido/produto/22691,https://portal.zydon.com.br/api/files/48e603cd-6d4c-4263-ba93-96468c7f7cd1/content?ingress=portalb2b.neosolar.com.br,Kit Energia Solar Off Grid s/ Inversor - 1.38kWp 200Ah 48V Lítio (22691),3x 460Wp Sunova | 2x 100Ah/48V Lítio Unipower | 1x 30A MPPT Epever,3x 460Wp Sunova | 2x 100Ah/48V Lítio Unipower | 1x 30A MPPT Epever,,Indisponível,
https://portalb2b.neosolar.com.br/novo-pedido/produto/22690,https://portal.zydon.com.br/api/files/6718996f-f280-43a1-ae3e-0ec159034560/content?ingress=portalb2b.neosolar.com.br,Kit Energia Solar Off Grid s/ Inversor - 1.38kWp 100Ah 48V Lítio (22690),3x 460Wp Sunova | 1x 100Ah/48V Lítio Unipower | 1x 30A MPPT Epever,3x 460Wp Sunova | 1x 100Ah/48V Lítio Unipower | 1x 30A MPPT Epever,,Indisponível,
https://portalb2b.neosolar.com.br/novo-pedido/produto/22675,https://portal.zydon.com.br/api/files/182a3505-3a4c-434d-980b-7ed807a4bd08/content?ingress=portalb2b.neosolar.com.br,Kit Energia Solar Off Grid s/ Inversor - 1.38kWp 440Ah 48V Chumbo (22675),3x 460Wp Sunova | 8x 220Ah/12V Chumbo Moura | 1x 30A MPPT Epever,3x 460Wp Sunova | 8x 220Ah/12V Chumbo Moura | 1x 30A MPPT Epever,,Indisponível,
https://portalb2b.neosolar.com.br/novo-pedido/produto/22671,https://portal.zydon.com.br/api/files/82cbca3a-47e0-4ae9-bef2-22a6be496eba/content?ingress=portalb2b.neosolar.com.br,Kit Energia Solar Off Grid s/ Inversor - 330Wp 440Ah 12V Chumbo (22671),1x 330Wp OSDA | 2x 220Ah/12V Chumbo Moura | 1x 30A MPPT Epever,1x 330Wp OSDA | 2x 220Ah/12V Chumbo Moura | 1x 30A MPPT Epever,,Indisponível,
https://portalb2b.neosolar.com.br/novo-pedido/produto/22689,https://portal.zydon.com.br/api/files/875a3f72-1bd9-4815-9985-d5d94c7dc6cf/content?ingress=portalb2b.neosolar.com.br,Kit Energia Solar Off Grid s/ Inversor - 2.32kWp 300Ah 48V Lítio (22689),4x 580Wp OSDA | 3x 100Ah/48V Lítio Epever | 1x 40A MPPT Epever,4x 580Wp OSDA | 3x 100Ah/48V Lítio Epever | 1x 40A MPPT Epever,,Indisponível,
https://portalb2b.neosolar.com.br/novo-pedido/produto/22685,https://portal.zydon.com.br/api/files/e2a7b22d-6238-4dbf-8011-30b7be2c2acc/content?ingress=portalb2b.neosolar.com.br,Kit Energia Solar Off Grid s/ Inversor - 1.38kWp 200Ah 48V Lítio (22685),3x 460Wp Sunova | 2x 100Ah/48V Lítio Epever | 1x 30A MPPT Epever,3x 460Wp Sunova | 2x 100Ah/48V Lítio Epever | 1x 30A MPPT Epever,,Indisponível,
https://portalb2b.neosolar.com.br/novo-pedido/produto/22684,https://portal.zydon.com.br/api/files/09d1cb39-777d-41bd-8da7-ee32da2ac135/content?ingress=portalb2b.neosolar.com.br,Kit Energia Solar Off Grid s/ Inversor - 1.38kWp 100Ah 48V Lítio (22684),3x 460Wp Sunova | 1x 100Ah/48V Lítio Epever | 1x 30A MPPT Epever,3x 460Wp Sunova | 1x 100Ah/48V Lítio Epever | 1x 30A MPPT Epever,,Indisponível,
https://portalb2b.neosolar.com.br/novo-pedido/produto/22692,https://portal.zydon.com.br/api/files/09d4f04c-9bb3-4e47-b74b-3cf777023dd8/content?ingress=portalb2b.neosolar.com.br,Kit Energia Solar Off Grid s/ Inversor - 1.16kWp 100Ah 48V Lítio (22692),2x 580Wp OSDA | 1x 100Ah/48V Lítio Unipower | 1x 30A MPPT Epever,2x 580Wp OSDA | 1x 100Ah/48V Lítio Unipower | 1x 30A MPPT Epever,,Indisponível,
https://portalb2b.neosolar.com.br/novo-pedido/produto/22677,https://portal.zydon.com.br/api/files/b807aae3-6eb3-4b0c-b612-af0852f62036/content?ingress=portalb2b.neosolar.com.br,Kit Energia Solar Off Grid s/ Inversor - 1.16kWp 440Ah 48V Chumbo (22677),2x 580Wp OSDA | 8x 220Ah/12V Chumbo Moura | 1x 30A MPPT Epever,2x 580Wp OSDA | 8x 220Ah/12V Chumbo Moura | 1x 30A MPPT Epever,,Indisponível,
https://portalb2b.neosolar.com.br/novo-pedido/produto/22676,https://portal.zydon.com.br/api/files/aeb8aaa6-16ac-4fba-acc5-e5e1aa7f75c5/content?ingress=portalb2b.neosolar.com.br,Kit Energia Solar Off Grid s/ Inversor - 1.16kWp 220Ah 48V Chumbo (22676),2x 580Wp OSDA | 4x 220Ah/12V Chumbo Moura | 1x 30A MPPT Epever,2x 580Wp OSDA | 4x 220Ah/12V Chumbo Moura | 1x 30A MPPT Epever,,Indisponível,
https://portalb2b.neosolar.com.br/novo-pedido/produto/22679,https://portal.zydon.com.br/api/files/b6de41dc-e5c1-4e70-97c9-afb50a4c7323/content?ingress=portalb2b.neosolar.com.br,Kit Energia Solar Off Grid s/ Inversor - 580Wp 660Ah 12V Chumbo (22679),1x 580Wp OSDA | 3x 220Ah/12V Chumbo Moura | 1x 40A MPPT Epever,1x 580Wp OSDA | 3x 220Ah/12V Chumbo Moura | 1x 40A MPPT Epever,,Indisponível,
https://portalb2b.neosolar.com.br/novo-pedido/produto/22663,https://portal.zydon.com.br/api/files/df89923a-1316-47a8-a6cb-92c521a3d308/content?ingress=portalb2b.neosolar.com.br,Kit Energia Solar Off Grid s/ Inversor - 580Wp 440Ah 12V Chumbo (22663),1x 580Wp OSDA | 2x 220Ah/12V Chumbo Moura | 1x 40A MPPT Epever,1x 580Wp OSDA | 2x 220Ah/12V Chumbo Moura | 1x 40A MPPT Epever,,Indisponível,
https://portalb2b.neosolar.com.br/novo-pedido/produto/26689,https://portal.zydon.com.br/api/files/3f4cbe65-2c61-4d88-8f79-b78c4ac6d090/content?ingress=portalb2b.neosolar.com.br,"Kit de Energia Solar c/ Inv-car - 2,48kWp 220Ah 48/220V",4x 620Wp DAH | 1x 5500W Inv-carregador Epever | 4x 220Ah/12V - Marca: Moura,4x 620Wp DAH | 1x 5500W Inv-carregador Epever | 4x 220Ah/12V - Marca: Moura,,Indisponível,
https://portalb2b.neosolar.com.br/novo-pedido/produto/26693,https://portal.zydon.com.br/api/files/ea1c29dc-1565-4960-92af-81b7d5dbbfc3/content?ingress=portalb2b.neosolar.com.br,"Kit de Energia Solar c/ Inv-car - 3,72kWp 220Ah 48/220V",6x 620Wp DAH | 1x 5500W Inv-carregador Epever | 16x 220Ah/12V - Marca: Moura,6x 620Wp DAH | 1x 5500W Inv-carregador Epever | 16x 220Ah/12V - Marca: Moura,,Indisponível,
https://portalb2b.neosolar.com.br/novo-pedido/produto/26692,https://portal.zydon.com.br/api/files/0e1ee7f0-8caa-4460-b2b5-182a11941df3/content?ingress=portalb2b.neosolar.com.br,"Kit de Energia Solar c/ Inv-car - 3,10kWp 220Ah 48/220V",5x 620Wp DAH | 1x 5500W Inv-carregador Epever | 12x 220Ah/12V - Marca: Moura,5x 620Wp DAH | 1x 5500W Inv-carregador Epever | 12x 220Ah/12V - Marca: Moura,,Indisponível,
https://portalb2b.neosolar.com.br/novo-pedido/produto/26690,https://portal.zydon.com.br/api/files/f42f9aad-f7d5-4253-9264-6911fef9b468/content?ingress=portalb2b.neosolar.com.br,"Kit de Energia Solar c/ Inv-car - 3,72kWp 220Ah 48/220V",6x 620Wp DAH | 1x 5500W Inv-carregador Epever | 8x 220Ah/12V - Marca: Moura,6x 620Wp DAH | 1x 5500W Inv-carregador Epever | 8x 220Ah/12V - Marca: Moura,,Indisponível,
https://portalb2b.neosolar.com.br/novo-pedido/produto/26691,https://portal.zydon.com.br/api/files/8b18b97d-5b13-447b-a8ec-53fda627ca46/content?ingress=portalb2b.neosolar.com.br,"Kit de Energia Solar c/ Inv-car - 1,86kWp 220Ah 48/220V",3x 620Wp DAH | 1x 5500W Inv-carregador Epever | 8x 220Ah/12V - Marca: Moura,3x 620Wp DAH | 1x 5500W Inv-carregador Epever | 8x 220Ah/12V - Marca: Moura,,Indisponível,
https://portalb2b.neosolar.com.br/novo-pedido/produto/27401,https://portalb2b.neosolar.com.br/b2b-noimage-white.svg,Teste 4,Teste Teste 14,Teste Teste 14,,Indisponível,
https://portalb2b.neosolar.com.br/novo-pedido/produto/27406,https://portalb2b.neosolar.com.br/b2b-noimage-white.svg,Teste 33,15:34--5,15:34--5,,Indisponível,
https://portalb2b.neosolar.com.br/novo-pedido/produto/26927,https://portal.zydon.com.br/api/files/073018db-ce60-44e0-afd4-08fa6aaa1320/content?ingress=portalb2b.neosolar.com.br,Kit Gerador Energia Solar 1.24kWp - Microinversor Deye c/ Wifi SUN2250 - Painel DAH Solar,"Compre múltiplos p/ maiores potências |  Energia: até 148.8kWp | Potência: 1.24kWp | Paineis: 2x 620Wp | Microinversor: Deye de 2250W | Estrutura: s/ Estrutura | Acessórios: Conectores CA + MC4, Cabo CC, Endcap | Vca: 127/220V ou 220/380V","Compre múltiplos p/ maiores potências |  Energia: até 148.8kWp | Potência: 1.24kWp | Paineis: 2x 620Wp | Microinversor: Deye de 2250W | Estrutura: s/ Estrutura | Acessórios: Conectores CA + MC4, Cabo CC, Endcap | Vca: 127/220V ou 220/380V","R$ 2.309,19",,​
https://portalb2b.neosolar.com.br/novo-pedido/produto/26948,https://portal.zydon.com.br/api/files/85a8dfe9-d8f4-4d38-b555-6a54757b0e2b/content?ingress=portalb2b.neosolar.com.br,Kit Gerador Energia Solar 0.62kWp - Microinversor Deye c/ Wifi SUN2250 - Painel DAH Solar s/ Estrutura,"Compre múltiplos p/ maiores potências |  Energia: até 74.4kWp | Potência: 0.62kWp | Paineis: 1x 620Wp | Microinversor: Deye de 2250W | Estrutura: s/ Estrutura | Acessórios: Conectores CA + MC4, Cabo CC, Endcap | Vca: 127/220V ou 220/380V","Compre múltiplos p/ maiores potências |  Energia: até 74.4kWp | Potência: 0.62kWp | Paineis: 1x 620Wp | Microinversor: Deye de 2250W | Estrutura: s/ Estrutura | Acessórios: Conectores CA + MC4, Cabo CC, Endcap | Vca: 127/220V ou 220/380V","R$ 1.899,49",,​
https://portalb2b.neosolar.com.br/novo-pedido/produto/26934,https://portal.zydon.com.br/api/files/b0ce2974-6673-44fd-815d-070364b2ff5a/content?ingress=portalb2b.neosolar.com.br,Kit Gerador Energia Solar 1.86kWp - Microinversor Deye c/ Wifi SUN2250 - Painel DAH Solar s/ Estrutura,"Compre múltiplos p/ maiores potências |  Energia: até 223.2kWp | Potência: 1.86kWp | Paineis: 3x 620Wp | Microinversor: Deye de 2250W | Estrutura: s/ Estrutura | Acessórios: Conectores CA + MC4, Cabo CC, Endcap | Vca: 127/220V ou 220/380V","Compre múltiplos p/ maiores potências |  Energia: até 223.2kWp | Potência: 1.86kWp | Paineis: 3x 620Wp | Microinversor: Deye de 2250W | Estrutura: s/ Estrutura | Acessórios: Conectores CA + MC4, Cabo CC, Endcap | Vca: 127/220V ou 220/380V","R$ 2.614,30",,​
https://portalb2b.neosolar.com.br/novo-pedido/produto/26941,https://portal.zydon.com.br/api/files/b7e58eb2-75a2-4676-9db7-4ea5d2ae06b0/content?ingress=portalb2b.neosolar.com.br,Kit Gerador Energia Solar 2.48kWp - Microinversor Deye c/ Wifi SUN2250 - Painel DAH Solar s/ Estrutura,"Compre múltiplos p/ maiores potências |  Energia: até 297.6kWp | Potência: 2.48kWp | Paineis: 4x 620Wp | Microinversor: Deye de 2250W | Estrutura: s/ Estrutura | Acessórios: Conectores CA + MC4, Cabo CC, Endcap | Vca: 127/220V ou 220/380V","Compre múltiplos p/ maiores potências |  Energia: até 297.6kWp | Potência: 2.48kWp | Paineis: 4x 620Wp | Microinversor: Deye de 2250W | Estrutura: s/ Estrutura | Acessórios: Conectores CA + MC4, Cabo CC, Endcap | Vca: 127/220V ou 220/380V","R$ 2.779,92",,​
https://portalb2b.neosolar.com.br/novo-pedido/produto/27152,https://portal.zydon.com.br/api/files/7d6d6a18-4c14-4a6c-9ba7-da0b7514f79c/content?ingress=portalb2b.neosolar.com.br,Kit Gerador Energia Solar 1.4kWp - Microinversor Deye c/ Wifi SUN2250 - Painel DAH Solar s/ Estrutura,Energia: até 168.0kWp | Potência: 1.4kWp | Paineis: 2x 700Wp | Microinversor: Deye de 2250W | Estrutura: s/ Estrutura,Energia: até 168.0kWp | Potência: 1.4kWp | Paineis: 2x 700Wp | Microinversor: Deye de 2250W | Estrutura: s/ Estrutura,"R$ 2.698,14",,​
https://portalb2b.neosolar.com.br/novo-pedido/produto/27156,https://portal.zydon.com.br/api/files/ea40f443-04a3-40c4-a400-583d4ca8fe28/content?ingress=portalb2b.neosolar.com.br,Kit Gerador Energia Solar 2.1kWp - Microinversor Deye c/ Wifi SUN2250 - Painel DAH Solar Estrutura p/ Madeira,Energia: até 252.0kWp | Potência: 2.1kWp | Paineis: 3x 700Wp | Microinversor: Deye de 2250W | Estrutura: Estrutura p/ Madeira,Energia: até 252.0kWp | Potência: 2.1kWp | Paineis: 3x 700Wp | Microinversor: Deye de 2250W | Estrutura: Estrutura p/ Madeira,"R$ 3.258,74",,​
https://portalb2b.neosolar.com.br/novo-pedido/produto/27149,https://portal.zydon.com.br/api/files/47c22990-1738-4a9f-b7d1-7be62c975ab6/content?ingress=portalb2b.neosolar.com.br,Kit Gerador Energia Solar 1.4kWp - Microinversor Deye c/ Wifi SUN2250 - Painel DAH Solar Estrutura p/ Madeira,Energia: até 168.0kWp | Potência: 1.4kWp | Paineis: 2x 700Wp | Microinversor: Deye de 2250W | Estrutura: Estrutura p/ Madeira,Energia: até 168.0kWp | Potência: 1.4kWp | Paineis: 2x 700Wp | Microinversor: Deye de 2250W | Estrutura: Estrutura p/ Madeira,"R$ 2.897,54",,​
https://portalb2b.neosolar.com.br/novo-pedido/produto/26936,https://portal.zydon.com.br/api/files/500c0b16-f10b-485e-9ce2-8c2e467dcfcd/content?ingress=portalb2b.neosolar.com.br,Kit Gerador Energia Solar 2.48kWp - Microinversor Deye c/ Wifi SUN2250 - Painel DAH Solar c/ Gancho p/ Cerâmica,"Compre múltiplos p/ maiores potências |  Energia: até 297.6kWp | Potência: 2.48kWp | Paineis: 4x 620Wp | Microinversor: Deye de 2250W | Estrutura: c/ Gancho p/ Cerâmica | Acessórios: Conectores CA + MC4, Cabo CC, Endcap | Vca: 127/220V ou 220/380V","Compre múltiplos p/ maiores potências |  Energia: até 297.6kWp | Potência: 2.48kWp | Paineis: 4x 620Wp | Microinversor: Deye de 2250W | Estrutura: c/ Gancho p/ Cerâmica | Acessórios: Conectores CA + MC4, Cabo CC, Endcap | Vca: 127/220V ou 220/380V","R$ 2.983,77",,​
https://portalb2b.neosolar.com.br/novo-pedido/produto/26922,https://portal.zydon.com.br/api/files/96f74892-580d-45ca-b1c0-3e440529b59a/content?ingress=portalb2b.neosolar.com.br,Kit Gerador Energia Solar 1.24kWp - Microinversor Deye c/ Wifi SUN2250 - Painel DAH Solar com GANCHO p/ CERÂMICA,"Compre múltiplos p/ maiores potências |  Energia: até 148.8kWp | Potência: 1.24kWp | Paineis: 2x 620Wp | Microinversor: Deye de 2250W | Estrutura: Gancho p/ Cerâmica | Acessórios: Conectores CA + MC4, Cabo CC, Endcap | Vca: 127/220V ou 220/380V","Compre múltiplos p/ maiores potências |  Energia: até 148.8kWp | Potência: 1.24kWp | Paineis: 2x 620Wp | Microinversor: Deye de 2250W | Estrutura: Gancho p/ Cerâmica | Acessórios: Conectores CA + MC4, Cabo CC, Endcap | Vca: 127/220V ou 220/380V","R$ 2.508,33",,​
https://portalb2b.neosolar.com.br/novo-pedido/produto/26945,https://portal.zydon.com.br/api/files/69ed872a-cad6-43cf-9072-a0f81d99e4de/content?ingress=portalb2b.neosolar.com.br,Kit Gerador Energia Solar 0.62kWp - Microinversor Deye c/ Wifi SUN2250 - Painel DAH Solar c/ Parafuso Madeira,"Compre múltiplos p/ maiores potências |  Energia: até 74.4kWp | Potência: 0.62kWp | Paineis: 1x 620Wp | Microinversor: Deye de 2250W | Estrutura: c/ Parafuso Madeira | Acessórios: Conectores CA + MC4, Cabo CC, Endcap | Vca: 127/220V ou 220/380V","Compre múltiplos p/ maiores potências |  Energia: até 74.4kWp | Potência: 0.62kWp | Paineis: 1x 620Wp | Microinversor: Deye de 2250W | Estrutura: c/ Parafuso Madeira | Acessórios: Conectores CA + MC4, Cabo CC, Endcap | Vca: 127/220V ou 220/380V","R$ 2.092,73",,​
https://portalb2b.neosolar.com.br/novo-pedido/produto/27157,https://portal.zydon.com.br/api/files/67d0a867-05e1-44ce-b8b6-076bde4c9a57/content?ingress=portalb2b.neosolar.com.br,Kit Gerador Energia Solar 2.1kWp - Microinversor Deye c/ Wifi SUN2250 - Painel DAH Solar Estrutura Metálica,Energia: até 252.0kWp | Potência: 2.1kWp | Paineis: 3x 700Wp | Microinversor: Deye de 2250W | Estrutura: Estrutura Metálica,Energia: até 252.0kWp | Potência: 2.1kWp | Paineis: 3x 700Wp | Microinversor: Deye de 2250W | Estrutura: Estrutura Metálica,"R$ 3.258,74",,​
https://portalb2b.neosolar.com.br/novo-pedido/produto/27150,https://portal.zydon.com.br/api/files/16c6bc1d-de85-4b95-8f4d-9707f498d15f/content?ingress=portalb2b.neosolar.com.br,Kit Gerador Energia Solar 1.4kWp - Microinversor Deye c/ Wifi SUN2250 - Painel DAH Solar Estrutura Metálica,Energia: até 168.0kWp | Potência: 1.4kWp | Paineis: 2x 700Wp | Microinversor: Deye de 2250W | Estrutura: Estrutura Metálica,Energia: até 168.0kWp | Potência: 1.4kWp | Paineis: 2x 700Wp | Microinversor: Deye de 2250W | Estrutura: Estrutura Metálica,"R$ 2.897,54",,​
https://portalb2b.neosolar.com.br/novo-pedido/produto/27171,https://portal.zydon.com.br/api/files/dcff0199-c1ca-403a-96fd-4e7e531b98f4/content?ingress=portalb2b.neosolar.com.br,Kit Gerador Energia Solar 700kWp - Microinversor Deye c/ Wifi SUN2250 - Painel DAH Solar Estrutura Metálica,Energia: até 84.000kWp | Potência: 700kWp | Paineis: 1x 700Wp | Microinversor: Deye de 2250W | Estrutura: Estrutura Metálica,Energia: até 84.000kWp | Potência: 700kWp | Paineis: 1x 700Wp | Microinversor: Deye de 2250W | Estrutura: Estrutura Metálica,"R$ 2.342,52",,​
https://portalb2b.neosolar.com.br/novo-pedido/produto/26931,https://portal.zydon.com.br/api/files/cf44dedb-c601-4e7b-83d3-c5b31bb63db4/content?ingress=portalb2b.neosolar.com.br,Kit Gerador Energia Solar 1.86kWp - Microinversor Deye c/ Wifi SUN2250 - Painel DAH Solar c/ Parafuso Madeira,"Compre múltiplos p/ maiores potências |  Energia: até 223.2kWp | Potência: 1.86kWp | Paineis: 3x 620Wp | Microinversor: Deye de 2250W | Estrutura: c/ Parafuso Madeira | Acessórios: Conectores CA + MC4, Cabo CC, Endcap | Vca: 127/220V ou 220/380V","Compre múltiplos p/ maiores potências |  Energia: até 223.2kWp | Potência: 1.86kWp | Paineis: 3x 620Wp | Microinversor: Deye de 2250W | Estrutura: c/ Parafuso Madeira | Acessórios: Conectores CA + MC4, Cabo CC, Endcap | Vca: 127/220V ou 220/380V","R$ 2.814,07",,​
https://portalb2b.neosolar.com.br/novo-pedido/produto/26924,https://portal.zydon.com.br/api/files/1c551854-7d5a-42b0-9229-c80f11e4fbae/content?ingress=portalb2b.neosolar.com.br,Kit Gerador Energia Solar 1.24kWp - Microinversor Deye c/ Wifi SUN2250 - Painel DAH Solar c/ Parafuso Madeira,"Compre múltiplos p/ maiores potências |  Energia: até 148.8kWp | Potência: 1.24kWp | Paineis: 2x 620Wp | Microinversor: Deye de 2250W | Estrutura: c/ Parafuso Madeira | Acessórios: Conectores CA + MC4, Cabo CC, Endcap | Vca: 127/220V ou 220/380V","Compre múltiplos p/ maiores potências |  Energia: até 148.8kWp | Potência: 1.24kWp | Paineis: 2x 620Wp | Microinversor: Deye de 2250W | Estrutura: c/ Parafuso Madeira | Acessórios: Conectores CA + MC4, Cabo CC, Endcap | Vca: 127/220V ou 220/380V","R$ 2.506,18",,​
https://portalb2b.neosolar.com.br/novo-pedido/produto/27163,https://portal.zydon.com.br/api/files/053dca07-d53e-405c-a089-82d8b8f2c066/content?ingress=portalb2b.neosolar.com.br,Kit Gerador Energia Solar 2.8kWp - Microinversor Deye c/ Wifi SUN2250 - Painel DAH Solar Estrutura p/ Madeira,Energia: até 336.0kWp | Potência: 2.8kWp | Paineis: 4x 700Wp | Microinversor: Deye de 2250W | Estrutura: Estrutura p/ Madeira,Energia: até 336.0kWp | Potência: 2.8kWp | Paineis: 4x 700Wp | Microinversor: Deye de 2250W | Estrutura: Estrutura p/ Madeira,"R$ 3.249,93",,​
https://portalb2b.neosolar.com.br/novo-pedido/produto/26923,https://portal.zydon.com.br/api/files/98cfd50f-ba17-47fe-a982-073e7ceb22a5/content?ingress=portalb2b.neosolar.com.br,Kit Gerador Energia Solar 1.24kWp - Microinversor Deye c/ Wifi SUN2250 - Painel DAH Solar com Mini Trilho,"Compre múltiplos p/ maiores potências |  Energia: até 148.8kWp | Potência: 1.24kWp | Paineis: 2x 620Wp | Microinversor: Deye de 2250W | Estrutura: c/ Mini Trilho | Acessórios: Conectores CA + MC4, Cabo CC, Endcap | Vca: 127/220V ou 220/380V","Compre múltiplos p/ maiores potências |  Energia: até 148.8kWp | Potência: 1.24kWp | Paineis: 2x 620Wp | Microinversor: Deye de 2250W | Estrutura: c/ Mini Trilho | Acessórios: Conectores CA + MC4, Cabo CC, Endcap | Vca: 127/220V ou 220/380V","R$ 2.508,39",,​
https://portalb2b.neosolar.com.br/novo-pedido/produto/26930,https://portal.zydon.com.br/api/files/9d21ee9c-0c08-4bcc-b1a0-89038fb0c477/content?ingress=portalb2b.neosolar.com.br,Kit Gerador Energia Solar 1.86kWp - Microinversor Deye c/ Wifi SUN2250 - Painel DAH Solar c/ Mini Trilho,"Compre múltiplos p/ maiores potências |  Energia: até 223.2kWp | Potência: 1.86kWp | Paineis: 3x 620Wp | Microinversor: Deye de 2250W | Estrutura: c/ Mini Trilho | Acessórios: Conectores CA + MC4, Cabo CC, Endcap | Vca: 127/220V ou 220/380V","Compre múltiplos p/ maiores potências |  Energia: até 223.2kWp | Potência: 1.86kWp | Paineis: 3x 620Wp | Microinversor: Deye de 2250W | Estrutura: c/ Mini Trilho | Acessórios: Conectores CA + MC4, Cabo CC, Endcap | Vca: 127/220V ou 220/380V","R$ 2.816,54",,​
https://portalb2b.neosolar.com.br/novo-pedido/produto/26944,https://portal.zydon.com.br/api/files/2f2e915a-326f-4e88-88e8-e12c86b7a143/content?ingress=portalb2b.neosolar.com.br,Kit Gerador Energia Solar 0.62kWp - Microinversor Deye c/ Wifi SUN2250 - Painel DAH Solar c/ Mini Trilho,"Compre múltiplos p/ maiores potências |  Energia: até 74.4kWp | Potência: 0.62kWp | Paineis: 1x 620Wp | Microinversor: Deye de 2250W | Estrutura: c/ Mini Trilho | Acessórios: Conectores CA + MC4, Cabo CC, Endcap | Vca: 127/220V ou 220/380V","Compre múltiplos p/ maiores potências |  Energia: até 74.4kWp | Potência: 0.62kWp | Paineis: 1x 620Wp | Microinversor: Deye de 2250W | Estrutura: c/ Mini Trilho | Acessórios: Conectores CA + MC4, Cabo CC, Endcap | Vca: 127/220V ou 220/380V","R$ 2.094,57",,​
https://portalb2b.neosolar.com.br/novo-pedido/produto/26929,https://portal.zydon.com.br/api/files/9df07a10-9be0-4c76-869d-b39c59ab56e2/content?ingress=portalb2b.neosolar.com.br,Kit Gerador Energia Solar 1.86kWp - Microinversor Deye c/ Wifi SUN2250 - Painel DAH Solar c/ Gancho p/ Cêramica,"Compre múltiplos p/ maiores potências |  Energia: até 223.2kWp | Potência: 1.86kWp | Paineis: 3x 620Wp | Microinversor: Deye de 2250W | Estrutura: c/ Gancho p/ Cêramica | Acessórios: Conectores CA + MC4, Cabo CC, Endcap | Vca: 127/220V ou 220/380V","Compre múltiplos p/ maiores potências |  Energia: até 223.2kWp | Potência: 1.86kWp | Paineis: 3x 620Wp | Microinversor: Deye de 2250W | Estrutura: c/ Gancho p/ Cêramica | Acessórios: Conectores CA + MC4, Cabo CC, Endcap | Vca: 127/220V ou 220/380V","R$ 2.816,49",,​
https://portalb2b.neosolar.com.br/novo-pedido/produto/26943,https://portal.zydon.com.br/api/files/5c5aa452-64d5-4936-999a-6a49bd9b38de/content?ingress=portalb2b.neosolar.com.br,Kit Gerador Energia Solar 0.62kWp - Microinversor Deye c/ Wifi SUN2250 - Painel DAH Solar c/ Gancho p/ Cerâmica,"Compre múltiplos p/ maiores potências |  Energia: até 74.4kWp | Potência: 0.62kWp | Paineis: 1x 620Wp | Microinversor: Deye de 2250W | Estrutura: c/ Gancho p/ Cerâmica | Acessórios: Conectores CA + MC4, Cabo CC, Endcap | Vca: 127/220V ou 220/380V","Compre múltiplos p/ maiores potências |  Energia: até 74.4kWp | Potência: 0.62kWp | Paineis: 1x 620Wp | Microinversor: Deye de 2250W | Estrutura: c/ Gancho p/ Cerâmica | Acessórios: Conectores CA + MC4, Cabo CC, Endcap | Vca: 127/220V ou 220/380V","R$ 2.094,54",,​
https://portalb2b.neosolar.com.br/novo-pedido/produto/26938,https://portal.zydon.com.br/api/files/43e47ccb-9b60-4ed8-bdc1-3218d9a1140c/content?ingress=portalb2b.neosolar.com.br,Kit Gerador Energia Solar 2.48kWp - Microinversor Deye c/ Wifi SUN2250 - Painel DAH Solar c/ Parafuso Madeira,"Compre múltiplos p/ maiores potências |  Energia: até 297.6kWp | Potência: 2.48kWp | Paineis: 4x 620Wp | Microinversor: Deye de 2250W | Estrutura: c/ Parafuso Madeira | Acessórios: Conectores CA + MC4, Cabo CC, Endcap | Vca: 127/220V ou 220/380V","Compre múltiplos p/ maiores potências |  Energia: até 297.6kWp | Potência: 2.48kWp | Paineis: 4x 620Wp | Microinversor: Deye de 2250W | Estrutura: c/ Parafuso Madeira | Acessórios: Conectores CA + MC4, Cabo CC, Endcap | Vca: 127/220V ou 220/380V","R$ 2.981,21",,​
https://portalb2b.neosolar.com.br/novo-pedido/produto/27160,https://portal.zydon.com.br/api/files/281670bc-c7a4-49c5-b13a-3ec42eeb047c/content?ingress=portalb2b.neosolar.com.br,Kit Gerador Energia Solar 2.8kWp - Microinversor Deye c/ Wifi SUN2250 - Painel DAH Solar Estrutura p/ Laje,Energia: até 336.0kWp | Potência: 2.8kWp | Paineis: 4x 700Wp | Microinversor: Deye de 2250W | Estrutura: Estrutura p/ Laje,Energia: até 336.0kWp | Potência: 2.8kWp | Paineis: 4x 700Wp | Microinversor: Deye de 2250W | Estrutura: Estrutura p/ Laje,"R$ 3.408,54",,​
https://portalb2b.neosolar.com.br/novo-pedido/produto/27162,https://portal.zydon.com.br/api/files/2f876239-7cbc-499b-a49f-2a1b81808d77/content?ingress=portalb2b.neosolar.com.br,Kit Gerador Energia Solar 2.8kWp - Microinversor Deye c/ Wifi SUN2250 - Painel DAH Solar Estrutura c/ Mini Trilho,Energia: até 336.0kWp | Potência: 2.8kWp | Paineis: 4x 700Wp | Microinversor: Deye de 2250W | Estrutura: Estrutura c/ Mini Trilho,Energia: até 336.0kWp | Potência: 2.8kWp | Paineis: 4x 700Wp | Microinversor: Deye de 2250W | Estrutura: Estrutura c/ Mini Trilho,"R$ 3.252,64",,​
https://portalb2b.neosolar.com.br/novo-pedido/produto/27146,https://portal.zydon.com.br/api/files/0c31ed4b-aa83-4978-8334-12928ffc9601/content?ingress=portalb2b.neosolar.com.br,Kit Gerador Energia Solar 1.4kWp - Microinversor Deye c/ Wifi SUN2250 - Painel DAH Solar Estrutura p/ Laje,Energia: até 168.0kWp | Potência: 1.4kWp | Paineis: 2x 700Wp | Microinversor: Deye de 2250W | Estrutura: Estrutura p/ Laje,Energia: até 168.0kWp | Potência: 1.4kWp | Paineis: 2x 700Wp | Microinversor: Deye de 2250W | Estrutura: Estrutura p/ Laje,"R$ 3.053,39",,​
https://portalb2b.neosolar.com.br/novo-pedido/produto/27153,https://portal.zydon.com.br/api/files/f99ab620-57ec-4068-a84a-ef8c19691128/content?ingress=portalb2b.neosolar.com.br,Kit Gerador Energia Solar 2.1kWp - Microinversor Deye c/ Wifi SUN2250 - Painel DAH Solar Estrutura p/ Laje,Energia: até 252.0kWp | Potência: 2.1kWp | Paineis: 3x 700Wp | Microinversor: Deye de 2250W | Estrutura: Estrutura p/ Laje,Energia: até 252.0kWp | Potência: 2.1kWp | Paineis: 3x 700Wp | Microinversor: Deye de 2250W | Estrutura: Estrutura p/ Laje,"R$ 3.417,42",,​
https://portalb2b.neosolar.com.br/novo-pedido/produto/27167,https://portal.zydon.com.br/api/files/3c9de222-b1da-483f-9fbd-05826d938d9e/content?ingress=portalb2b.neosolar.com.br,Kit Gerador Energia Solar 700kWp - Microinversor Deye c/ Wifi SUN2250 - Painel DAH Solar Estrutura p/ Laje,Energia: até 84.000kWp | Potência: 700kWp | Paineis: 1x 700Wp | Microinversor: Deye de 2250W | Estrutura: Estrutura p/ Laje,Energia: até 84.000kWp | Potência: 700kWp | Paineis: 1x 700Wp | Microinversor: Deye de 2250W | Estrutura: Estrutura p/ Laje,"R$ 2.494,04",,​
https://portalb2b.neosolar.com.br/novo-pedido/produto/26845,https://portal.zydon.com.br/api/files/38d11579-116e-4c4f-85b6-91124c4b312c/content?ingress=portalb2b.neosolar.com.br,"Kit Energia Solar On Grid Híbrido - 3,7kWp Lítio 48V (26845)",6x 620Wp DAH SOLAR | 1x Inversor Híbrido 5kW Deye | 1x 100Ah/48V Lítio Epever,6x 620Wp DAH SOLAR | 1x Inversor Híbrido 5kW Deye | 1x 100Ah/48V Lítio Epever,"R$ 14.800,61",,​
https://portalb2b.neosolar.com.br/novo-pedido/produto/26857,https://portal.zydon.com.br/api/files/eb236d93-6a75-48e7-8e98-79ea6a0ac676/content?ingress=portalb2b.neosolar.com.br,"Kit Energia Solar On Grid Híbrido - 3,72kWp 4,8kWh Lítio 48V (26857)",6x 620Wp DAH Solar | 1x Inversor Híbrido 5kW Deye | 1x 100Ah/48V Lítio Epever,6x 620Wp DAH Solar | 1x Inversor Híbrido 5kW Deye | 1x 100Ah/48V Lítio Epever,"R$ 21.559,38",,​
https://portalb2b.neosolar.com.br/novo-pedido/produto/27091,https://portal.zydon.com.br/api/files/f9cebb88-d7d1-4ec2-a670-e0952112a699/content?ingress=portalb2b.neosolar.com.br,"Kit de Energia Solar On Grid 3,72KWP-OS 5KW LI s/ Estrutura",6x 620Wp DAH | 5kW Mono 220V 1 MPPT AFCI | 1x Stringbox 1 STRING IP65 25A 1000V | Estrutura de fixação: s/ Estrutura,6x 620Wp DAH | 5kW Mono 220V 1 MPPT AFCI | 1x Stringbox 1 STRING IP65 25A 1000V | Estrutura de fixação: s/ Estrutura,"R$ 5.327,97",,​
https://portalb2b.neosolar.com.br/novo-pedido/produto/27131,https://portal.zydon.com.br/api/files/e7aad29a-d149-4d71-8e36-26aa18d802be/content?ingress=portalb2b.neosolar.com.br,"Kit de Energia Solar On Grid 3,72KWP-OS 5KW LI Estrutura p/ Madeira",6x 620Wp DAH | 5kW Mono 220V 1 MPPT AFCI | 1x Stringbox 1 STRING IP65 25A 1000V | Estrutura de fixação: Estrutura p/ Madeira,6x 620Wp DAH | 5kW Mono 220V 1 MPPT AFCI | 1x Stringbox 1 STRING IP65 25A 1000V | Estrutura de fixação: Estrutura p/ Madeira,"R$ 5.699,97",,​
https://portalb2b.neosolar.com.br/novo-pedido/produto/26795,https://portal.zydon.com.br/api/files/f097c548-8334-48cc-9942-3cfe4e8a390b/content?ingress=portalb2b.neosolar.com.br,"Kit Energia Solar On Grid Híbrido - 3,72kWp 4,8kWh Lítio 48V (26795)",6x 620Wp DAH Solar | 1x Inversor Híbrido 5kW Deye | 1x 100Ah/48V Lítio Ztroon,6x 620Wp DAH Solar | 1x Inversor Híbrido 5kW Deye | 1x 100Ah/48V Lítio Ztroon,"R$ 20.843,75",,​
https://portalb2b.neosolar.com.br/novo-pedido/produto/26783,https://portal.zydon.com.br/api/files/a60da2f3-750b-4b6a-be3d-e9b5b60448c1/content?ingress=portalb2b.neosolar.com.br,"Kit Energia Solar On Grid Híbrido - 3,7kWp Lítio 48V (26783)",6x 620Wp DAH SOLAR | 1x Inversor Híbrido 5kW Deye | 1x 100Ah/48V Lítio Ztroon,6x 620Wp DAH SOLAR | 1x Inversor Híbrido 5kW Deye | 1x 100Ah/48V Lítio Ztroon,"R$ 14.084,97",,​
https://portalb2b.neosolar.com.br/novo-pedido/produto/26669,https://portalb2b.neosolar.com.br/b2b-noimage-white.svg,"Kit Energia Solar On Grid Híbrido - 8.06kWp 4,8kWh Lítio 48V (26669)",13x 620Wp DAH Solar | 1x Inversor Híbrido 12kW Deye | 1x 100Ah/48V Lítio UCB,13x 620Wp DAH Solar | 1x Inversor Híbrido 12kW Deye | 1x 100Ah/48V Lítio UCB,"R$ 31.900,73",,​
https://portalb2b.neosolar.com.br/novo-pedido/produto/26657,https://portal.zydon.com.br/api/files/be926346-fbd9-404b-a370-a6250910b051/content?ingress=portalb2b.neosolar.com.br,"Kit Energia Solar On Grid Híbrido - 3,72kWp 4,8kWh Lítio 48V (26657)",6x 620Wp DAH Solar | 1x Inversor Híbrido 5kW Deye | 1x 100Ah/48V Lítio UCB,6x 620Wp DAH Solar | 1x Inversor Híbrido 5kW Deye | 1x 100Ah/48V Lítio UCB,"R$ 22.513,72",,​
https://portalb2b.neosolar.com.br/novo-pedido/produto/27137,https://portal.zydon.com.br/api/files/acc03ccd-7fe1-40da-9497-f2121a563a15/content?ingress=portalb2b.neosolar.com.br,"Kit de Energia Solar On Grid 4,96KWP-OS 5KW LI Estrutura p/ Madeira",8x 620Wp DAH | 5kW Mono 220V 1 MPPT AFCI | 1x Stringbox 1 STRING IP65 25A 1000V | Estrutura de fixação: Estrutura p/ Madeira,8x 620Wp DAH | 5kW Mono 220V 1 MPPT AFCI | 1x Stringbox 1 STRING IP65 25A 1000V | Estrutura de fixação: Estrutura p/ Madeira,"R$ 7.476,27",,​
https://portalb2b.neosolar.com.br/novo-pedido/produto/26766,https://portal.zydon.com.br/api/files/74de87bd-1ed5-4375-a87e-51819a9f515e/content?ingress=portalb2b.neosolar.com.br,"Kit Energia Solar On Grid Híbrido - 5.65kWp 4,8kWh Lítio 48V (26766)",10x 565Wp ZnShine | 1x Inversor Híbrido 5kW Deye | 2x 100Ah/48V Lítio Ztroon,10x 565Wp ZnShine | 1x Inversor Híbrido 5kW Deye | 2x 100Ah/48V Lítio Ztroon,"R$ 27.456,69",,​
https://portalb2b.neosolar.com.br/novo-pedido/produto/26754,https://portal.zydon.com.br/api/files/c7877d55-11cb-4e3e-ad18-347fc4ca62b9/content?ingress=portalb2b.neosolar.com.br,"Kit Energia Solar On Grid Híbrido - 5.65kWp 4,8kWh Lítio 48V (26754)",10x 565Wp ZnShine | 1x Inversor Híbrido 5kW Deye | 2x 100Ah/48V Lítio Ztroon,10x 565Wp ZnShine | 1x Inversor Híbrido 5kW Deye | 2x 100Ah/48V Lítio Ztroon,"R$ 20.697,91",,​
https://portalb2b.neosolar.com.br/novo-pedido/produto/26767,https://portal.zydon.com.br/api/files/938db400-1a27-4d9e-bdfa-cdc6d2870010/content?ingress=portalb2b.neosolar.com.br,"Kit Energia Solar On Grid Híbrido - 5.65kWp 4,8kWh Lítio 48V (26767)",10x 565Wp ZnShine | 1x Inversor Híbrido 5kW Deye | 3x 100Ah/48V Lítio Ztroon,10x 565Wp ZnShine | 1x Inversor Híbrido 5kW Deye | 3x 100Ah/48V Lítio Ztroon,"R$ 31.861,03",,​
https://portalb2b.neosolar.com.br/novo-pedido/produto/26768,https://portal.zydon.com.br/api/files/d023fbde-e776-4b1e-9390-99c27b9aa1aa/content?ingress=portalb2b.neosolar.com.br,"Kit Energia Solar On Grid Híbrido - 5.65kWp 4,8kWh Lítio 48V (26768)",10x 565Wp ZnShine | 1x Inversor Híbrido 5kW Deye | 4x 100Ah/48V Lítio Ztroon,10x 565Wp ZnShine | 1x Inversor Híbrido 5kW Deye | 4x 100Ah/48V Lítio Ztroon,,Indisponível,
https://portalb2b.neosolar.com.br/novo-pedido/produto/26755,https://portal.zydon.com.br/api/files/480e9393-ba7f-4dbc-b6ba-d88557b5102b/content?ingress=portalb2b.neosolar.com.br,"Kit Energia Solar On Grid Híbrido - 5.65kWp 4,8kWh Lítio 48V (26755)",10x 565Wp ZnShine | 1x Inversor Híbrido 5kW Deye | 3x 100Ah/48V Lítio Ztroon,10x 565Wp ZnShine | 1x Inversor Híbrido 5kW Deye | 3x 100Ah/48V Lítio Ztroon,"R$ 25.102,25",,​
https://portalb2b.neosolar.com.br/novo-pedido/produto/26817,https://portal.zydon.com.br/api/files/e6c8f095-21b2-4317-91f9-d02450aa6932/content?ingress=portalb2b.neosolar.com.br,"Kit Energia Solar On Grid Híbrido - 5.65kWp 4,8kWh Lítio 48V (26817)",10x 565Wp ZnShine | 1x Inversor Híbrido 5kW Deye | 3x 100Ah/48V Lítio Epever,10x 565Wp ZnShine | 1x Inversor Híbrido 5kW Deye | 3x 100Ah/48V Lítio Epever,,Indisponível,
https://portalb2b.neosolar.com.br/novo-pedido/produto/26765,https://portal.zydon.com.br/api/files/c56bfb63-420d-4a8e-9041-4ecd71277d99/content?ingress=portalb2b.neosolar.com.br,"Kit Energia Solar On Grid Híbrido - 5.65kWp 4,8kWh Lítio 48V (26765)",10x 565Wp ZnShine | 1x Inversor Híbrido 5kW Deye | 1x 100Ah/48V Lítio Ztroon,10x 565Wp ZnShine | 1x Inversor Híbrido 5kW Deye | 1x 100Ah/48V Lítio Ztroon,"R$ 23.052,36",,​
https://portalb2b.neosolar.com.br/novo-pedido/produto/26753,https://portal.zydon.com.br/api/files/59a584f6-6932-4cb4-8d78-68d436b08ea8/content?ingress=portalb2b.neosolar.com.br,"Kit Energia Solar On Grid Híbrido - 5.65kWp 4,8kWh Lítio 48V (26753)",10x 565Wp ZnShine | 1x Inversor Híbrido 5kW Deye | 1x 100Ah/48V Lítio Ztroon,10x 565Wp ZnShine | 1x Inversor Híbrido 5kW Deye | 1x 100Ah/48V Lítio Ztroon,"R$ 16.293,58",,​
https://portalb2b.neosolar.com.br/novo-pedido/produto/26815,https://portal.zydon.com.br/api/files/9044ca4a-c522-46b8-99a0-39a840f594a2/content?ingress=portalb2b.neosolar.com.br,"Kit Energia Solar On Grid Híbrido - 5.65kWp 4,8kWh Lítio 48V (26815)",10x 565Wp ZnShine | 1x Inversor Híbrido 5kW Deye | 1x 100Ah/48V Lítio Epever,10x 565Wp ZnShine | 1x Inversor Híbrido 5kW Deye | 1x 100Ah/48V Lítio Epever,,Indisponível,
https://portalb2b.neosolar.com.br/novo-pedido/produto/26816,https://portal.zydon.com.br/api/files/bc6e1fb0-7ba5-47c1-9784-f3358c15314a/content?ingress=portalb2b.neosolar.com.br,"Kit Energia Solar On Grid Híbrido - 5.65kWp 4,8kWh Lítio 48V (26816)",10x 565Wp ZnShine | 1x Inversor Híbrido 5kW Deye | 2x 100Ah/48V Lítio Epever,10x 565Wp ZnShine | 1x Inversor Híbrido 5kW Deye | 2x 100Ah/48V Lítio Epever,,Indisponível,
https://portalb2b.neosolar.com.br/novo-pedido/produto/26628,https://portal.zydon.com.br/api/files/736268c5-5840-4d66-a1e0-ea8287dddf69/content?ingress=portalb2b.neosolar.com.br,"Kit Energia Solar On Grid Híbrido - 5.65kWp 4,8kWh Lítio 48V (26628)",10x 565Wp ZnShine | 1x Inversor Híbrido 5kW Deye | 2x 100Ah/48V Lítio,10x 565Wp ZnShine | 1x Inversor Híbrido 5kW Deye | 2x 100Ah/48V Lítio,,Indisponível,
https://portalb2b.neosolar.com.br/novo-pedido/produto/27166,https://portal.zydon.com.br/api/files/27f4950d-d078-4b8a-8d4c-6c4126941c9d/content?ingress=portalb2b.neosolar.com.br,Kit Gerador Energia Solar 2.8kWp - Microinversor Deye c/ Wifi SUN2250 - Painel DAH Solar s/ Estrutura,Energia: até 336.0kWp | Potência: 2.8kWp | Paineis: 4x 700Wp | Microinversor: Deye de 2250W | Estrutura: s/ Estrutura,Energia: até 336.0kWp | Potência: 2.8kWp | Paineis: 4x 700Wp | Microinversor: Deye de 2250W | Estrutura: s/ Estrutura,"R$ 3.047,53",,​
https://portalb2b.neosolar.com.br/novo-pedido/produto/27130,https://portal.zydon.com.br/api/files/70b33d17-df51-4342-9930-030f379a3ba8/content?ingress=portalb2b.neosolar.com.br,"Kit de Energia Solar On Grid 3,72KWP-OS 5KW LI Estrutura c/ Mini Trilho",6x 620Wp DAH | 5kW Mono 220V 1 MPPT AFCI | 1x Stringbox 1 STRING IP65 25A 1000V | Estrutura de fixação: Estrutura c/ Mini Trilho,6x 620Wp DAH | 5kW Mono 220V 1 MPPT AFCI | 1x Stringbox 1 STRING IP65 25A 1000V | Estrutura de fixação: Estrutura c/ Mini Trilho,"R$ 5.699,97",,​
https://portalb2b.neosolar.com.br/novo-pedido/produto/27136,https://portal.zydon.com.br/api/files/a57d61bf-8a1b-4b89-a5c9-d5338679cd54/content?ingress=portalb2b.neosolar.com.br,"Kit de Energia Solar On Grid 4,96KWP-OS 5KW LI Estrutura c/ Mini Trilho",8x 620Wp DAH | 5kW Mono 220V 1 MPPT AFCI | 1x Stringbox 1 STRING IP65 25A 1000V | Estrutura de fixação: Estrutura c/ Mini Trilho,8x 620Wp DAH | 5kW Mono 220V 1 MPPT AFCI | 1x Stringbox 1 STRING IP65 25A 1000V | Estrutura de fixação: Estrutura c/ Mini Trilho,"R$ 7.476,27",,​
https://portalb2b.neosolar.com.br/novo-pedido/produto/25050,https://portal.zydon.com.br/api/files/df0bde7a-efb8-47cf-affa-550f15fd815a/content?ingress=portalb2b.neosolar.com.br,Kit Energia Solar Off Grid - 870Wp 100Ah/24V Lítio (25050),"2x 435Wp Longi | 1x 40A MPPT Epever | 1x 100Ah/25,6V Lítio Epever | Sem Inversor","2x 435Wp Longi | 1x 40A MPPT Epever | 1x 100Ah/25,6V Lítio Epever | Sem Inversor","R$ 6.147,89",,​
https://portalb2b.neosolar.com.br/novo-pedido/produto/27128,https://portal.zydon.com.br/api/files/1b499a8e-1a47-4aad-8262-c3f91f83091e/content?ingress=portalb2b.neosolar.com.br,"Kit de Energia Solar On Grid 3,72KWP-OS 5KW LI Estrutura p/ Laje",6x 620Wp DAH | 5kW Mono 220V 1 MPPT AFCI | 1x Stringbox 1 STRING IP65 25A 1000V | Estrutura de fixação: Estrutura p/ Laje,6x 620Wp DAH | 5kW Mono 220V 1 MPPT AFCI | 1x Stringbox 1 STRING IP65 25A 1000V | Estrutura de fixação: Estrutura p/ Laje,"R$ 5.978,97",,​
https://portalb2b.neosolar.com.br/novo-pedido/produto/27134,https://portal.zydon.com.br/api/files/496e1824-39bc-4311-8cd5-4fb97598d132/content?ingress=portalb2b.neosolar.com.br,"Kit de Energia Solar On Grid 4,96KWP-OS 5KW LI Estrutura p/ Laje",8x 620Wp DAH | 5kW Mono 220V 1 MPPT AFCI | 1x Stringbox 1 STRING IP65 25A 1000V | Estrutura de fixação: Estrutura p/ Laje,8x 620Wp DAH | 5kW Mono 220V 1 MPPT AFCI | 1x Stringbox 1 STRING IP65 25A 1000V | Estrutura de fixação: Estrutura p/ Laje,"R$ 7.755,27",,​
https://portalb2b.neosolar.com.br/novo-pedido/produto/27161,https://portal.zydon.com.br/api/files/45b2d5df-ccbb-4283-8589-35dadb69be7b/content?ingress=portalb2b.neosolar.com.br,Kit Gerador Energia Solar 2.8kWp - Microinversor Deye c/ Wifi SUN2250 - Painel DAH Solar c/ Gancho p/ Cerâmica,Energia: até 336.0kWp | Potência: 2.8kWp | Paineis: 4x 700Wp | Microinversor: Deye de 2250W | Estrutura: c/ Gancho p/ Cerâmica,Energia: até 336.0kWp | Potência: 2.8kWp | Paineis: 4x 700Wp | Microinversor: Deye de 2250W | Estrutura: c/ Gancho p/ Cerâmica,"R$ 3.252,57",,​
https://portalb2b.neosolar.com.br/novo-pedido/produto/25055,https://portal.zydon.com.br/api/files/8e502799-cb06-4913-9414-922cc566b17b/content?ingress=portalb2b.neosolar.com.br,"Kit Energia Solar Off Grid - 1,31kWp 105Ah 48V Lítio (25055)",3x 435Wp Longi | 1x 40A MPPT Epever | 1x 105Ah/48V Lítio Ztroon | Sem Inversor,3x 435Wp Longi | 1x 40A MPPT Epever | 1x 105Ah/48V Lítio Ztroon | Sem Inversor,"R$ 6.990,92",,​
https://portalb2b.neosolar.com.br/novo-pedido/produto/26630,https://portal.zydon.com.br/api/files/2711f98d-87d3-42af-b396-346347b585ac/content?ingress=portalb2b.neosolar.com.br,"Kit Energia Solar On Grid Híbrido - 5.65kWp 4,8kWh Lítio 48V (26630)",10x 565Wp ZnShine | 1x Inversor Híbrido 5kW Deye | 4x 100Ah/48V Lítio UCB,10x 565Wp ZnShine | 1x Inversor Híbrido 5kW Deye | 4x 100Ah/48V Lítio UCB,,Indisponível,
https://portalb2b.neosolar.com.br/novo-pedido/produto/26937,https://portal.zydon.com.br/api/files/5db00a3e-d32e-46cc-90c5-3f0cca983307/content?ingress=portalb2b.neosolar.com.br,Kit Gerador Energia Solar 2.48kWp - Microinversor Deye c/ Wifi SUN2250 - Painel DAH Solar c/ Mini Trilho,"Compre múltiplos p/ maiores potências |  Energia: até 297.6kWp | Potência: 2.48kWp | Paineis: 4x 620Wp | Microinversor: Deye de 2250W | Estrutura: c/ Mini Trilho | Acessórios: Conectores CA + MC4, Cabo CC, Endcap | Vca: 127/220V ou 220/380V","Compre múltiplos p/ maiores potências |  Energia: até 297.6kWp | Potência: 2.48kWp | Paineis: 4x 620Wp | Microinversor: Deye de 2250W | Estrutura: c/ Mini Trilho | Acessórios: Conectores CA + MC4, Cabo CC, Endcap | Vca: 127/220V ou 220/380V","R$ 2.983,83",,​
https://portalb2b.neosolar.com.br/novo-pedido/produto/27141,https://portal.zydon.com.br/api/files/3c8fe205-b964-4218-87cc-81d57af2e39d/content?ingress=portalb2b.neosolar.com.br,"Kit de Energia Solar On Grid 6,20KWP-OS 5KW LI c/ Gancho p/ Cerâmica",10x 620Wp DAH | 5kW Mono 220V 2 MPPT AFCI | 2x Stringbox 2 STRING IP65 25A 1000V | Estrutura de fixação: c/ Gancho p/ Cerâmica,10x 620Wp DAH | 5kW Mono 220V 2 MPPT AFCI | 2x Stringbox 2 STRING IP65 25A 1000V | Estrutura de fixação: c/ Gancho p/ Cerâmica,"R$ 9.447,87",,​
https://portalb2b.neosolar.com.br/novo-pedido/produto/26674,https://portalb2b.neosolar.com.br/b2b-noimage-white.svg,"Kit Energia Solar On Grid Híbrido - 14.88kWp 4,8kWh Lítio 48V (26674)",24x 620Wp DAH Solar | 1x Inversor Híbrido 12kW Deye | 5x 100Ah/48V Lítio UCB,24x 620Wp DAH Solar | 1x Inversor Híbrido 12kW Deye | 5x 100Ah/48V Lítio UCB,,Indisponível,
https://portalb2b.neosolar.com.br/novo-pedido/produto/26673,https://portalb2b.neosolar.com.br/b2b-noimage-white.svg,"Kit Energia Solar On Grid Híbrido - 14.88kWp 4,8kWh Lítio 48V (26673)",24x 620Wp DAH Solar | 1x Inversor Híbrido 12kW Deye | 4x 100Ah/48V Lítio UCB,24x 620Wp DAH Solar | 1x Inversor Híbrido 12kW Deye | 4x 100Ah/48V Lítio UCB,,Indisponível,
https://portalb2b.neosolar.com.br/novo-pedido/produto/26675,https://portalb2b.neosolar.com.br/b2b-noimage-white.svg,"Kit Energia Solar On Grid Híbrido - 14.88kWp 4,8kWh Lítio 48V (26675)",24x 620Wp DAH Solar | 1x Inversor Híbrido 12kW Deye | 6x 100Ah/48V Lítio UCB,24x 620Wp DAH Solar | 1x Inversor Híbrido 12kW Deye | 6x 100Ah/48V Lítio UCB,,Indisponível,
https://portalb2b.neosolar.com.br/novo-pedido/produto/26860,https://portal.zydon.com.br/api/files/f6e900a4-cc28-497b-a281-5dbc55d47e95/content?ingress=portalb2b.neosolar.com.br,"Kit Energia Solar On Grid Híbrido - 6,2kWp 4,8kWh Lítio 48V (26860)",10x 620Wp DAH Solar | 1x Inversor Híbrido 5kW Deye | 3x 100Ah/48V Lítio Epever,10x 620Wp DAH Solar | 1x Inversor Híbrido 5kW Deye | 3x 100Ah/48V Lítio Epever,,Indisponível,
https://portalb2b.neosolar.com.br/novo-pedido/produto/26861,https://portal.zydon.com.br/api/files/041532fb-2ccb-41dd-b966-8f0c2df0aa37/content?ingress=portalb2b.neosolar.com.br,"Kit Energia Solar On Grid Híbrido - 6,2kWp 4,8kWh Lítio 48V (26861)",10x 620Wp DAH Solar | 1x Inversor Híbrido 5kW Deye | 4x 100Ah/48V Lítio Epever,10x 620Wp DAH Solar | 1x Inversor Híbrido 5kW Deye | 4x 100Ah/48V Lítio Epever,,Indisponível,
https://portalb2b.neosolar.com.br/novo-pedido/produto/26799,https://portal.zydon.com.br/api/files/a0167203-6ece-4ea1-bca5-6d8db5d36a35/content?ingress=portalb2b.neosolar.com.br,"Kit Energia Solar On Grid Híbrido - 6,2kWp 4,8kWh Lítio 48V (26799)",10x 620Wp DAH Solar | 1x Inversor Híbrido 5kW Deye | 4x 100Ah/48V Lítio Ztroon,10x 620Wp DAH Solar | 1x Inversor Híbrido 5kW Deye | 4x 100Ah/48V Lítio Ztroon,,Indisponível,
https://portalb2b.neosolar.com.br/novo-pedido/produto/26858,https://portal.zydon.com.br/api/files/b7b2776d-9e3f-4e58-bf72-bf760b521ee0/content?ingress=portalb2b.neosolar.com.br,"Kit Energia Solar On Grid Híbrido - 6,2kWp 4,8kWh Lítio 48V (26658)",10x 620Wp DAH Solar | 1x Inversor Híbrido 5kW Deye | 1x 100Ah/48V Lítio Epever,10x 620Wp DAH Solar | 1x Inversor Híbrido 5kW Deye | 1x 100Ah/48V Lítio Epever,,Indisponível,
https://portalb2b.neosolar.com.br/novo-pedido/produto/26859,https://portal.zydon.com.br/api/files/5eb72a41-fb1e-45c2-9439-39393a4a32c7/content?ingress=portalb2b.neosolar.com.br,"Kit Energia Solar On Grid Híbrido - 6,2kWp 4,8kWh Lítio 48V (26859)",10x 620Wp DAH Solar | 1x Inversor Híbrido 5kW Deye | 2x 100Ah/48V Lítio Epever,10x 620Wp DAH Solar | 1x Inversor Híbrido 5kW Deye | 2x 100Ah/48V Lítio Epever,,Indisponível,
https://portalb2b.neosolar.com.br/novo-pedido/produto/26849,https://portal.zydon.com.br/api/files/28d676bc-4df5-4874-bd46-7307e324d0b2/content?ingress=portalb2b.neosolar.com.br,"Kit Energia Solar On Grid Híbrido - 6,2kWp Lítio 48V (26849)",10x 620Wp DAH SOLAR | 1x Inversor Híbrido 5kW Deye | 4x 100Ah/48V Lítio Epever,10x 620Wp DAH SOLAR | 1x Inversor Híbrido 5kW Deye | 4x 100Ah/48V Lítio Epever,,Indisponível,
https://portalb2b.neosolar.com.br/novo-pedido/produto/26848,https://portal.zydon.com.br/api/files/178b3efe-5268-4eac-90e7-35c7e219b8e6/content?ingress=portalb2b.neosolar.com.br,"Kit Energia Solar On Grid Híbrido - 6,2kWp Lítio 48V (26848)",10x 620Wp DAH SOLAR | 1x Inversor Híbrido 5kW Deye | 3x 100Ah/48V Lítio Epever,10x 620Wp DAH SOLAR | 1x Inversor Híbrido 5kW Deye | 3x 100Ah/48V Lítio Epever,,Indisponível,
https://portalb2b.neosolar.com.br/novo-pedido/produto/26846,https://portal.zydon.com.br/api/files/e332e2f4-af13-4da5-8dea-1cf89445e829/content?ingress=portalb2b.neosolar.com.br,"Kit Energia Solar On Grid Híbrido - 6,2kWp Lítio 48V (26846)",10x 620Wp DAH SOLAR | 1x Inversor Híbrido 5kW Deye | 1x 100Ah/48V Lítio Epever,10x 620Wp DAH SOLAR | 1x Inversor Híbrido 5kW Deye | 1x 100Ah/48V Lítio Epever,,Indisponível,
https://portalb2b.neosolar.com.br/novo-pedido/produto/26847,https://portal.zydon.com.br/api/files/cf7945ae-e1ef-40df-af58-abfd35c3d05d/content?ingress=portalb2b.neosolar.com.br,"Kit Energia Solar On Grid Híbrido - 6,2kWp Lítio 48V (26847)",10x 620Wp DAH SOLAR | 1x Inversor Híbrido 5kW Deye | 2x 100Ah/48V Lítio Epever,10x 620Wp DAH SOLAR | 1x Inversor Híbrido 5kW Deye | 2x 100Ah/48V Lítio Epever,,Indisponível,
https://portalb2b.neosolar.com.br/novo-pedido/produto/27093,https://portal.zydon.com.br/api/files/ee4b4d9b-35eb-4d03-a608-0c67d097e926/content?ingress=portalb2b.neosolar.com.br,"Kit de Energia Solar On Grid 6,20KWP-OS 5KW LI s/ Estrutura",10x 620Wp DAH | 5kW Mono 220V 2 MPPT AFCI | 2x Stringbox 2 STRING IP65 25A 1000V | Estrutura de fixação: s/ Estrutura,10x 620Wp DAH | 5kW Mono 220V 2 MPPT AFCI | 2x Stringbox 2 STRING IP65 25A 1000V | Estrutura de fixação: s/ Estrutura,"R$ 8.889,87",,​
https://portalb2b.neosolar.com.br/novo-pedido/produto/26785,https://portal.zydon.com.br/api/files/4bba46ca-7ff6-4c73-bb84-edc442396db2/content?ingress=portalb2b.neosolar.com.br,"Kit Energia Solar On Grid Híbrido - 6,2kWp Lítio 48V (26785)",10x 620Wp DAH SOLAR | 1x Inversor Híbrido 5kW Deye | 2x 100Ah/48V Lítio Ztroon,10x 620Wp DAH SOLAR | 1x Inversor Híbrido 5kW Deye | 2x 100Ah/48V Lítio Ztroon,"R$ 21.254,52",,​
https://portalb2b.neosolar.com.br/novo-pedido/produto/26786,https://portal.zydon.com.br/api/files/a8b634c1-10ed-4c96-8ec3-d149274b790c/content?ingress=portalb2b.neosolar.com.br,"Kit Energia Solar On Grid Híbrido - 6,2kWp Lítio 48V (26786)",10x 620Wp DAH SOLAR | 1x Inversor Híbrido 5kW Deye | 3x 100Ah/48V Lítio Ztroon,10x 620Wp DAH SOLAR | 1x Inversor Híbrido 5kW Deye | 3x 100Ah/48V Lítio Ztroon,"R$ 25.658,86",,​
https://portalb2b.neosolar.com.br/novo-pedido/produto/26796,https://portal.zydon.com.br/api/files/00cf42b6-339f-43ba-94af-aed253da21e8/content?ingress=portalb2b.neosolar.com.br,"Kit Energia Solar On Grid Híbrido - 6,2kWp 4,8kWh Lítio 48V (26796)",10x 620Wp DAH Solar | 1x Inversor Híbrido 5kW Deye | 1x 100Ah/48V Lítio Ztroon,10x 620Wp DAH Solar | 1x Inversor Híbrido 5kW Deye | 1x 100Ah/48V Lítio Ztroon,"R$ 23.608,96",,​
https://portalb2b.neosolar.com.br/novo-pedido/produto/26784,https://portal.zydon.com.br/api/files/5c9b9db2-51ee-4700-a4e7-907475c78aca/content?ingress=portalb2b.neosolar.com.br,"Kit Energia Solar On Grid Híbrido - 6,2kWp Lítio 48V (26784)",10x 620Wp DAH SOLAR | 1x Inversor Híbrido 5kW Deye | 1x 100Ah/48V Lítio Ztroon,10x 620Wp DAH SOLAR | 1x Inversor Híbrido 5kW Deye | 1x 100Ah/48V Lítio Ztroon,"R$ 16.850,19",,​
https://portalb2b.neosolar.com.br/novo-pedido/produto/26798,https://portal.zydon.com.br/api/files/07f5ef04-0804-4afd-934a-87d438d0d4cc/content?ingress=portalb2b.neosolar.com.br,"Kit Energia Solar On Grid Híbrido - 6,2kWp 4,8kWh Lítio 48V (26798)",10x 620Wp DAH Solar | 1x Inversor Híbrido 5kW Deye | 3x 100Ah/48V Lítio Ztroon,10x 620Wp DAH Solar | 1x Inversor Híbrido 5kW Deye | 3x 100Ah/48V Lítio Ztroon,"R$ 32.417,63",,​
https://portalb2b.neosolar.com.br/novo-pedido/produto/26797,https://portal.zydon.com.br/api/files/5e4a50b9-e7ba-459d-9921-512d5509b9d4/content?ingress=portalb2b.neosolar.com.br,"Kit Energia Solar On Grid Híbrido - 6,2kWp 4,8kWh Lítio 48V (26797)",10x 620Wp DAH Solar | 1x Inversor Híbrido 5kW Deye | 2x 100Ah/48V Lítio Ztroon,10x 620Wp DAH Solar | 1x Inversor Híbrido 5kW Deye | 2x 100Ah/48V Lítio Ztroon,"R$ 28.013,29",,​
https://portalb2b.neosolar.com.br/novo-pedido/produto/26787,https://portal.zydon.com.br/api/files/4a526551-cc7f-431c-8104-7c2a1db2f4d7/content?ingress=portalb2b.neosolar.com.br,"Kit Energia Solar On Grid Híbrido - 6,2kWp Lítio 48V (26787)",10x 620Wp DAH SOLAR | 1x Inversor Híbrido 5kW Deye | 4x 100Ah/48V Lítio Ztroon,10x 620Wp DAH SOLAR | 1x Inversor Híbrido 5kW Deye | 4x 100Ah/48V Lítio Ztroon,,Indisponível,
https://portalb2b.neosolar.com.br/novo-pedido/produto/26670,https://portalb2b.neosolar.com.br/b2b-noimage-white.svg,"Kit Energia Solar On Grid Híbrido - 14.88kWp 4,8kWh Lítio 48V (26670)",24x 620Wp DAH Solar | 1x Inversor Híbrido 12kW Deye | 1x 100Ah/48V Lítio UCB,24x 620Wp DAH Solar | 1x Inversor Híbrido 12kW Deye | 1x 100Ah/48V Lítio UCB,,Indisponível,
https://portalb2b.neosolar.com.br/novo-pedido/produto/26672,https://portalb2b.neosolar.com.br/b2b-noimage-white.svg,"Kit Energia Solar On Grid Híbrido - 14.88kWp 4,8kWh Lítio 48V (26672)",24x 620Wp DAH Solar | 1x Inversor Híbrido 12kW Deye | 3x 100Ah/48V Lítio UCB,24x 620Wp DAH Solar | 1x Inversor Híbrido 12kW Deye | 3x 100Ah/48V Lítio UCB,,Indisponível,
https://portalb2b.neosolar.com.br/novo-pedido/produto/27164,,Kit Gerador Energia Solar 2.8kWp - Microinversor Deye c/ Wifi SUN2250 - Painel DAH Solar Estrutura Metálica,Energia: até 336.0kWp | Potência: 2.8kWp | Paineis: 4x 700Wp | Microinversor: Deye de 2250W | Estrutura: Estrutura Metálica,Energia: até 336.0kWp | Potência: 2.8kWp | Paineis: 4x 700Wp | Microinversor: Deye de 2250W | Estrutura: Estrutura Metálica,"R$ 3.249,93",,​
https://portalb2b.neosolar.com.br/novo-pedido/produto/27027,,"Kit de Energia Solar On Grid 9,3KWP-OS 10,0KW LI Estrutura p/ Cerâmica","20x 565Wp ZNSHINE | 10,0kW Mono 220V 2 MPPT AFCI | 2x Stringbox 2 STRING IP65 25A 1000V | Estrutura de fixação: p/ Cerâmica","20x 565Wp ZNSHINE | 10,0kW Mono 220V 2 MPPT AFCI | 2x Stringbox 2 STRING IP65 25A 1000V | Estrutura de fixação: p/ Cerâmica","R$ 13.121,37",,​
https://portalb2b.neosolar.com.br/novo-pedido/produto/27036,,"Kit de Energia Solar On Grid 11,86KWP-OS 10,0KW LI c/ Estrutura p/ Madeira","21x 565Wp ZNSHINE | 10,0kW Mono 220V 3 MPPT AFCI | 3x Stringbox 2 STRING IP65 25A 1000V | Estrutura de fixação: p/ Madeira","21x 565Wp ZNSHINE | 10,0kW Mono 220V 3 MPPT AFCI | 3x Stringbox 2 STRING IP65 25A 1000V | Estrutura de fixação: p/ Madeira","R$ 16.906,47",,​
https://portalb2b.neosolar.com.br/novo-pedido/produto/27025,,"Kit de Energia Solar On Grid 9,3KWP-OS 10,0KW LI s/ Estrutura","20x 565Wp ZNSHINE | 10,0kW Mono 220V 2 MPPT AFCI | 2x Stringbox 2 STRING IP65 25A 1000V | Estrutura de fixação: s/ Estrutura","20x 565Wp ZNSHINE | 10,0kW Mono 220V 2 MPPT AFCI | 2x Stringbox 2 STRING IP65 25A 1000V | Estrutura de fixação: s/ Estrutura","R$ 12.377,37",,​
https://portalb2b.neosolar.com.br/novo-pedido/produto/27015,,"Kit de Energia Solar On Grid 7,9KWP-OS 7,5KW LI Estrutura p/ Madeira","14x 565Wp ZNSHINE | 7,5kW Mono 220V 2 MPPT AFCI | 2x Stringbox 2 STRING IP65 25A 1000V | Estrutura de fixação: Estrutura p/ Madeira","14x 565Wp ZNSHINE | 7,5kW Mono 220V 2 MPPT AFCI | 2x Stringbox 2 STRING IP65 25A 1000V | Estrutura de fixação: Estrutura p/ Madeira","R$ 11.270,67",,​
https://portalb2b.neosolar.com.br/novo-pedido/produto/27013,,"Kit de Energia Solar On Grid 7,9KWP-OS 7,5KW LI Estrutura p/ Cerâmica","14x 565Wp ZNSHINE | 7,5kW Mono 220V 2 MPPT AFCI | 2x Stringbox 2 STRING IP65 25A 1000V | Estrutura de fixação: Estrutura p/ Cerâmica","14x 565Wp ZNSHINE | 7,5kW Mono 220V 2 MPPT AFCI | 2x Stringbox 2 STRING IP65 25A 1000V | Estrutura de fixação: Estrutura p/ Cerâmica","R$ 11.270,67",,​
https://portalb2b.neosolar.com.br/novo-pedido/produto/27037,,"Kit de Energia Solar On Grid 11,86KWP-OS 10,0KW LI c/ Estrutura Metálica","21x 565Wp ZNSHINE | 10,0kW Mono 220V 3 MPPT AFCI | 3x Stringbox 2 STRING IP65 25A 1000V | Estrutura de fixação: Metálica","21x 565Wp ZNSHINE | 10,0kW Mono 220V 3 MPPT AFCI | 3x Stringbox 2 STRING IP65 25A 1000V | Estrutura de fixação: Metálica","R$ 16.906,47",,​
https://portalb2b.neosolar.com.br/novo-pedido/produto/27022,,"Kit de Energia Solar On Grid 8,4KWP-OS 7,5KW LI Estrutura p/ Madeira","15x 565Wp ZNSHINE | 7,5kW Mono 220V 2 MPPT AFCI | 2x Stringbox 2 STRING IP65 25A 1000V | Estrutura de fixação: Estrutura p/ Madeira","15x 565Wp ZNSHINE | 7,5kW Mono 220V 2 MPPT AFCI | 2x Stringbox 2 STRING IP65 25A 1000V | Estrutura de fixação: Estrutura p/ Madeira","R$ 12.023,97",,​
https://portalb2b.neosolar.com.br/novo-pedido/produto/27011,,"Kit de Energia Solar On Grid 7,9KWP-OS 7,5KW LI Estrutura s/ Estrutura","14x 565Wp ZNSHINE | 7,5kW Mono 220V 2 MPPT AFCI | 2x Stringbox 2 STRING IP65 25A 1000V | Estrutura de fixação: s/ Estrutura","14x 565Wp ZNSHINE | 7,5kW Mono 220V 2 MPPT AFCI | 2x Stringbox 2 STRING IP65 25A 1000V | Estrutura de fixação: s/ Estrutura","R$ 10.526,67",,​
https://portalb2b.neosolar.com.br/novo-pedido/produto/27023,,"Kit de Energia Solar On Grid 8,4KWP-OS 7,5KW LI Estrutura Metálica","15x 565Wp ZNSHINE | 7,5kW Mono 220V 2 MPPT AFCI | 2x Stringbox 2 STRING IP65 25A 1000V | Estrutura de fixação: Estrutura Metálica","15x 565Wp ZNSHINE | 7,5kW Mono 220V 2 MPPT AFCI | 2x Stringbox 2 STRING IP65 25A 1000V | Estrutura de fixação: Estrutura Metálica","R$ 12.023,97",,​
https://portalb2b.neosolar.com.br/novo-pedido/produto/27016,,"Kit de Energia Solar On Grid 7,9KWP-OS 7,5KW LI Estrutura Metálica","14x 565Wp ZNSHINE | 7,5kW Mono 220V 2 MPPT AFCI | 2x Stringbox 2 STRING IP65 25A 1000V | Estrutura de fixação: Estrutura Metálica","14x 565Wp ZNSHINE | 7,5kW Mono 220V 2 MPPT AFCI | 2x Stringbox 2 STRING IP65 25A 1000V | Estrutura de fixação: Estrutura Metálica","R$ 11.270,67",,​
https://portalb2b.neosolar.com.br/novo-pedido/produto/27018,,"Kit de Energia Solar On Grid 8,4KWP-OS 7,5KW LI Estrutura s/ Estrutura","15x 565Wp ZNSHINE | 7,5kW Mono 220V 2 MPPT AFCI | 2x Stringbox 2 STRING IP65 25A 1000V | Estrutura de fixação: s/ Estrutura","15x 565Wp ZNSHINE | 7,5kW Mono 220V 2 MPPT AFCI | 2x Stringbox 2 STRING IP65 25A 1000V | Estrutura de fixação: s/ Estrutura","R$ 11.279,97",,​
https://portalb2b.neosolar.com.br/novo-pedido/produto/27029,,"Kit de Energia Solar On Grid 9,3KWP-OS 10,0KW LI Estrutura p/ Madeira","20x 565Wp ZNSHINE | 10,0kW Mono 220V 2 MPPT AFCI | 2x Stringbox 2 STRING IP65 25A 1000V | Estrutura de fixação: Estrutura p/ Madeira","20x 565Wp ZNSHINE | 10,0kW Mono 220V 2 MPPT AFCI | 2x Stringbox 2 STRING IP65 25A 1000V | Estrutura de fixação: Estrutura p/ Madeira","R$ 13.121,37",,​
https://portalb2b.neosolar.com.br/novo-pedido/produto/27034,,"Kit de Energia Solar On Grid 11,86KWP-OS 10,0KW LI c/ Estrutura p/ Cerâmica","21x 565Wp ZNSHINE | 10,0kW Mono 220V 3 MPPT AFCI | 3x Stringbox 2 STRING IP65 25A 1000V | Estrutura de fixação: p/ Cerâmica","21x 565Wp ZNSHINE | 10,0kW Mono 220V 3 MPPT AFCI | 3x Stringbox 2 STRING IP65 25A 1000V | Estrutura de fixação: p/ Cerâmica","R$ 16.906,47",,​
https://portalb2b.neosolar.com.br/novo-pedido/produto/26961,,"Kit de Energia Solar Off Grid c/ Inv-car - 3,4kWp 100Ah 24/220V Lítio (26961)",6x 565Wp Znshine | 2x 48V 100Ah LÍtio Ztroon | 1x 5500W Inv-carregador Epever,6x 565Wp Znshine | 2x 48V 100Ah LÍtio Ztroon | 1x 5500W Inv-carregador Epever,,Indisponível,
https://portalb2b.neosolar.com.br/novo-pedido/produto/27020,,"Kit de Energia Solar On Grid 8,4KWP-OS 7,5KW LI Estrutura p/ Cerâmica","15x 565Wp ZNSHINE | 7,5kW Mono 220V 2 MPPT AFCI | 2x Stringbox 2 STRING IP65 25A 1000V | Estrutura de fixação: Estrutura p/ Cerâmica","15x 565Wp ZNSHINE | 7,5kW Mono 220V 2 MPPT AFCI | 2x Stringbox 2 STRING IP65 25A 1000V | Estrutura de fixação: Estrutura p/ Cerâmica","R$ 12.023,97",,​
https://portalb2b.neosolar.com.br/novo-pedido/produto/27135,,"Kit de Energia Solar On Grid 4,96KWP-OS 5KW LI c/ Gancho p/ Cerâmica",8x 620Wp DAH | 5kW Mono 220V 1 MPPT AFCI | 1x Stringbox 1 STRING IP65 25A 1000V | Estrutura de fixação: c/ Gancho p/ Cerâmica,8x 620Wp DAH | 5kW Mono 220V 1 MPPT AFCI | 1x Stringbox 1 STRING IP65 25A 1000V | Estrutura de fixação: c/ Gancho p/ Cerâmica,"R$ 7.476,27",,​
https://portalb2b.neosolar.com.br/novo-pedido/produto/26619,,"Kit Energia Solar On Grid Híbrido - 5.08kWp 4,8kWh Lítio 48V (26619)",9x 565Wp ZnShine | 1x Inversor Híbrido 8kW Deye | 1x 100Ah/48V Lítio UCB,9x 565Wp ZnShine | 1x Inversor Híbrido 8kW Deye | 1x 100Ah/48V Lítio UCB,"R$ 22.905,69",Indisponível,
https://portalb2b.neosolar.com.br/novo-pedido/produto/26656,,"Kit Energia Solar On Grid Híbrido - 9,92kWp 4,8kWh Lítio 48V (26656)",16x 620Wp DAH Solar | 1x Inversor Híbrido 8kW Deye | 6x 100Ah/48V Lítio UCB,16x 620Wp DAH Solar | 1x Inversor Híbrido 8kW Deye | 6x 100Ah/48V Lítio UCB,,Indisponível,
https://portalb2b.neosolar.com.br/novo-pedido/produto/26654,,"Kit Energia Solar On Grid Híbrido - 9,92kWp 4,8kWh Lítio 48V (26654)",16x 620Wp DAH Solar | 1x Inversor Híbrido 8kW Deye | 4x 100Ah/48V Lítio UCB,16x 620Wp DAH Solar | 1x Inversor Híbrido 8kW Deye | 4x 100Ah/48V Lítio UCB,,Indisponível,
https://portalb2b.neosolar.com.br/novo-pedido/produto/26655,,"Kit Energia Solar On Grid Híbrido - 9,92kWp 4,8kWh Lítio 48V (26655)",16x 620Wp DAH Solar | 1x Inversor Híbrido 8kW Deye | 5x 100Ah/48V Lítio UCB,16x 620Wp DAH Solar | 1x Inversor Híbrido 8kW Deye | 5x 100Ah/48V Lítio UCB,,Indisponível,
https://portalb2b.neosolar.com.br/novo-pedido/produto/26651,,"Kit Energia Solar On Grid Híbrido - 9,92kWp 4,8kWh Lítio 48V (26651)",16x 620Wp DAH Solar | 1x Inversor Híbrido 8kW Deye | 1x 100Ah/48V Lítio UCB,16x 620Wp DAH Solar | 1x Inversor Híbrido 8kW Deye | 1x 100Ah/48V Lítio UCB,,Indisponível,
https://portalb2b.neosolar.com.br/novo-pedido/produto/26652,,"Kit Energia Solar On Grid Híbrido - 9,92kWp 4,8kWh Lítio 48V (26652)",16x 620Wp DAH Solar | 1x Inversor Híbrido 8kW Deye | 1x 100Ah/48V Lítio UCB,16x 620Wp DAH Solar | 1x Inversor Híbrido 8kW Deye | 1x 100Ah/48V Lítio UCB,,Indisponível,
https://portalb2b.neosolar.com.br/novo-pedido/produto/26650,,"Kit Energia Solar On Grid Híbrido - 5,58kWp 4,8kWh Lítio 48V (26650)",9x 620Wp DAH Solar | 1x Inversor Híbrido 8kW Deye | 1x 100Ah/48V Lítio UCB,9x 620Wp DAH Solar | 1x Inversor Híbrido 8kW Deye | 1x 100Ah/48V Lítio UCB,"R$ 23.434,46",Indisponível,
https://portalb2b.neosolar.com.br/novo-pedido/produto/26665,,"Kit Energia Solar On Grid Híbrido - 9,92kWp 4,8kWh Lítio 48V (26665)",16x 620Wp DAH Solar | 1x Inversor Híbrido 8kW Deye | 3x 100Ah/48V Lítio UCB,16x 620Wp DAH Solar | 1x Inversor Híbrido 8kW Deye | 3x 100Ah/48V Lítio UCB,,Indisponível,
https://portalb2b.neosolar.com.br/novo-pedido/produto/26664,,"Kit Energia Solar On Grid Híbrido - 9,92kWp 4,8kWh Lítio 48V (26664)",16x 620Wp DAH Solar | 1x Inversor Híbrido 8kW Deye | 2x 100Ah/48V Lítio UCB,16x 620Wp DAH Solar | 1x Inversor Híbrido 8kW Deye | 2x 100Ah/48V Lítio UCB,,Indisponível,
https://portalb2b.neosolar.com.br/novo-pedido/produto/26663,,"Kit Energia Solar On Grid Híbrido - 9,92kWp 4,8kWh Lítio 48V (26663)",16x 620Wp DAH Solar | 1x Inversor Híbrido 8kW Deye | 1x 100Ah/48V Lítio UCB,16x 620Wp DAH Solar | 1x Inversor Híbrido 8kW Deye | 1x 100Ah/48V Lítio UCB,,Indisponível,
https://portalb2b.neosolar.com.br/novo-pedido/produto/26662,,"Kit Energia Solar On Grid Híbrido - 5,58kWp 4,8kWh Lítio 48V (26662)",9x 620Wp DAH Solar | 1x Inversor Híbrido 8kW Deye | 1x 100Ah/48V Lítio UCB,9x 620Wp DAH Solar | 1x Inversor Híbrido 8kW Deye | 1x 100Ah/48V Lítio UCB,"R$ 25.700,63",Indisponível,
https://portalb2b.neosolar.com.br/novo-pedido/produto/26668,,"Kit Energia Solar On Grid Híbrido - 9,92kWp 4,8kWh Lítio 48V (26668)",16x 620Wp DAH Solar | 1x Inversor Híbrido 8kW Deye | 6x 100Ah/48V Lítio UCB,16x 620Wp DAH Solar | 1x Inversor Híbrido 8kW Deye | 6x 100Ah/48V Lítio UCB,,Indisponível,
https://portalb2b.neosolar.com.br/novo-pedido/produto/26666,,"Kit Energia Solar On Grid Híbrido - 9,92kWp 4,8kWh Lítio 48V (26666)",16x 620Wp DAH Solar | 1x Inversor Híbrido 8kW Deye | 4x 100Ah/48V Lítio UCB,16x 620Wp DAH Solar | 1x Inversor Híbrido 8kW Deye | 4x 100Ah/48V Lítio UCB,,Indisponível,
https://portalb2b.neosolar.com.br/novo-pedido/produto/26667,,"Kit Energia Solar On Grid Híbrido - 9,92kWp 4,8kWh Lítio 48V (26667)",16x 620Wp DAH Solar | 1x Inversor Híbrido 8kW Deye | 5x 100Ah/48V Lítio UCB,16x 620Wp DAH Solar | 1x Inversor Híbrido 8kW Deye | 5x 100Ah/48V Lítio UCB,,Indisponível,
https://portalb2b.neosolar.com.br/novo-pedido/produto/26788,,"Kit Energia Solar On Grid Híbrido - 5,58kWp Lítio 48V (26788)",9x 620Wp DAH SOLAR | 1x Inversor Híbrido 8kW Deye | 1x 100Ah/48V Lítio Ztroon,9x 620Wp DAH SOLAR | 1x Inversor Híbrido 8kW Deye | 1x 100Ah/48V Lítio Ztroon,"R$ 21.716,02",Indisponível,
https://portalb2b.neosolar.com.br/novo-pedido/produto/26794,,"Kit Energia Solar On Grid Híbrido - 9.92kWp 4,8kWh Lítio 48V (26794)",16x 620Wp DAH Solar | 1x Inversor Híbrido 8kW Deye | 6x 100Ah/48V Lítio Ztroon,16x 620Wp DAH Solar | 1x Inversor Híbrido 8kW Deye | 6x 100Ah/48V Lítio Ztroon,,Indisponível,
https://portalb2b.neosolar.com.br/novo-pedido/produto/26791,,"Kit Energia Solar On Grid Híbrido - 9.92kWp 4,8kWh Lítio 48V (26791)",16x 620Wp DAH Solar | 1x Inversor Híbrido 8kW Deye | 3x 100Ah/48V Lítio Ztroon,16x 620Wp DAH Solar | 1x Inversor Híbrido 8kW Deye | 3x 100Ah/48V Lítio Ztroon,"R$ 34.718,80",Indisponível,
https://portalb2b.neosolar.com.br/novo-pedido/produto/26792,,"Kit Energia Solar On Grid Híbrido - 9.92kWp 4,8kWh Lítio 48V (26792)",16x 620Wp DAH Solar | 1x Inversor Híbrido 8kW Deye | 4x 100Ah/48V Lítio Ztroon,16x 620Wp DAH Solar | 1x Inversor Híbrido 8kW Deye | 4x 100Ah/48V Lítio Ztroon,,Indisponível,
https://portalb2b.neosolar.com.br/novo-pedido/produto/26793,,"Kit Energia Solar On Grid Híbrido - 9.92kWp 4,8kWh Lítio 48V (26793)",16x 620Wp DAH Solar | 1x Inversor Híbrido 8kW Deye | 5x 100Ah/48V Lítio Ztroon,16x 620Wp DAH Solar | 1x Inversor Híbrido 8kW Deye | 5x 100Ah/48V Lítio Ztroon,,Indisponível,
https://portalb2b.neosolar.com.br/novo-pedido/produto/26790,,"Kit Energia Solar On Grid Híbrido - 9.92kWp 4,8kWh Lítio 48V (26790)",16x 620Wp DAH Solar | 1x Inversor Híbrido 8kW Deye | 2x 100Ah/48V Lítio Ztroon,16x 620Wp DAH Solar | 1x Inversor Híbrido 8kW Deye | 2x 100Ah/48V Lítio Ztroon,"R$ 30.314,46",Indisponível,
https://portalb2b.neosolar.com.br/novo-pedido/produto/26789,,"Kit Energia Solar On Grid Híbrido - 9.92kWp 4,8kWh Lítio 48V (26789)",16x 620Wp DAH Solar | 1x Inversor Híbrido 8kW Deye | 1x 100Ah/48V Lítio Ztroon,16x 620Wp DAH Solar | 1x Inversor Híbrido 8kW Deye | 1x 100Ah/48V Lítio Ztroon,"R$ 25.910,13",Indisponível,
https://portalb2b.neosolar.com.br/novo-pedido/produto/26851,,"Kit Energia Solar On Grid Híbrido - 9.92kWp 4,8kWh Lítio 48V (26851)",16x 620Wp DAH Solar | 1x Inversor Híbrido 8kW Deye | 1x 100Ah/48V Lítio Epever,16x 620Wp DAH Solar | 1x Inversor Híbrido 8kW Deye | 1x 100Ah/48V Lítio Epever,,Indisponível,
https://portalb2b.neosolar.com.br/novo-pedido/produto/26852,,"Kit Energia Solar On Grid Híbrido - 9.92kWp 4,8kWh Lítio 48V (26852)",16x 620Wp DAH Solar | 1x Inversor Híbrido 8kW Deye | 1x 100Ah/48V Lítio Epever,16x 620Wp DAH Solar | 1x Inversor Híbrido 8kW Deye | 1x 100Ah/48V Lítio Epever,,Indisponível,
https://portalb2b.neosolar.com.br/novo-pedido/produto/26850,,"Kit Energia Solar On Grid Híbrido - 5,6kWp Lítio 48V (26850)",9x 620Wp DAH SOLAR | 1x Inversor Híbrido 5kW Deye | 1x 100Ah/48V Lítio Epever,9x 620Wp DAH SOLAR | 1x Inversor Híbrido 5kW Deye | 1x 100Ah/48V Lítio Epever,"R$ 22.431,66",Indisponível,
https://portalb2b.neosolar.com.br/novo-pedido/produto/26856,,"Kit Energia Solar On Grid Híbrido - 9.92kWp 4,8kWh Lítio 48V (26856)",16x 620Wp DAH Solar | 1x Inversor Híbrido 8kW Deye | 6x 100Ah/48V Lítio Epever,16x 620Wp DAH Solar | 1x Inversor Híbrido 8kW Deye | 6x 100Ah/48V Lítio Epever,,Indisponível,
https://portalb2b.neosolar.com.br/novo-pedido/produto/26853,,"Kit Energia Solar On Grid Híbrido - 9.92kWp 4,8kWh Lítio 48V (26853)",16x 620Wp DAH Solar | 1x Inversor Híbrido 8kW Deye | 3x 100Ah/48V Lítio Epever,16x 620Wp DAH Solar | 1x Inversor Híbrido 8kW Deye | 3x 100Ah/48V Lítio Epever,,Indisponível,
https://portalb2b.neosolar.com.br/novo-pedido/produto/26855,,"Kit Energia Solar On Grid Híbrido - 9.92kWp 4,8kWh Lítio 48V (26855)",16x 620Wp DAH Solar | 1x Inversor Híbrido 8kW Deye | 5x 100Ah/48V Lítio Epever,16x 620Wp DAH Solar | 1x Inversor Híbrido 8kW Deye | 5x 100Ah/48V Lítio Epever,,Indisponível,
https://portalb2b.neosolar.com.br/novo-pedido/produto/26854,,"Kit Energia Solar On Grid Híbrido - 9.92kWp 4,8kWh Lítio 48V (26854)",16x 620Wp DAH Solar | 1x Inversor Híbrido 8kW Deye | 4x 100Ah/48V Lítio Epever,16x 620Wp DAH Solar | 1x Inversor Híbrido 8kW Deye | 4x 100Ah/48V Lítio Epever,,Indisponível,
https://portalb2b.neosolar.com.br/novo-pedido/produto/26928,,Kit Gerador Energia Solar 1.86kWp - Microinversor Deye c/ Wifi SUN2250 - Painel DAH Solar com Base P/ Laje,"Compre múltiplos p/ maiores potências |  Energia: até 223.2kWp | Potência: 1.86kWp | Paineis: 3x 620Wp | Microinversor: Deye de 2250W | Estrutura: Base p/ Laje | Acessórios: Conectores CA + MC4, Cabo CC, Endcap | Vca: 127/220V ou 220/380V","Compre múltiplos p/ maiores potências |  Energia: até 223.2kWp | Potência: 1.86kWp | Paineis: 3x 620Wp | Microinversor: Deye de 2250W | Estrutura: Base p/ Laje | Acessórios: Conectores CA + MC4, Cabo CC, Endcap | Vca: 127/220V ou 220/380V","R$ 2.994,38",Indisponível,
https://portalb2b.neosolar.com.br/novo-pedido/produto/26921,,Kit Gerador Energia Solar 1.24kWp - Microinversor Deye c/ Wifi SUN2250 - Painel DAH Solar com Base p/ Laje,"Compre múltiplos p/ maiores potências |  Energia: até 148.8kWp | Potência: 1.24kWp | Paineis: 2x 620Wp | Microinversor: Deye de 2250W | Estrutura: Base p/ Laje | Acessórios: Conectores CA + MC4, Cabo CC, Endcap | Vca: 127/220V ou 220/380V","Compre múltiplos p/ maiores potências |  Energia: até 148.8kWp | Potência: 1.24kWp | Paineis: 2x 620Wp | Microinversor: Deye de 2250W | Estrutura: Base p/ Laje | Acessórios: Conectores CA + MC4, Cabo CC, Endcap | Vca: 127/220V ou 220/380V","R$ 2.681,43",Indisponível,
https://portalb2b.neosolar.com.br/novo-pedido/produto/26942,,Kit Gerador Energia Solar 0.62kWp - Microinversor Deye c/ Wifi SUN2250 - Painel DAH Solar com Base P/ Laje,"Compre múltiplos p/ maiores potências |  Energia: até 74.4kWp | Potência: 0.62kWp | Paineis: 1x 620Wp | Microinversor: Deye de 2250W | Estrutura: Base p/ Laje | Acessórios: Conectores CA + MC4, Cabo CC, Endcap | Vca: 127/220V ou 220/380V","Compre múltiplos p/ maiores potências |  Energia: até 74.4kWp | Potência: 0.62kWp | Paineis: 1x 620Wp | Microinversor: Deye de 2250W | Estrutura: Base p/ Laje | Acessórios: Conectores CA + MC4, Cabo CC, Endcap | Vca: 127/220V ou 220/380V","R$ 2.261,20",Indisponível,
https://portalb2b.neosolar.com.br/novo-pedido/produto/27047,,"Kit de Energia Solar On Grid 13,02KWP-OS 10,0KW LI Estrutura c/ Mini Trilho",21x 620Wp DAH | 10kW Mono 220V 3 MPPT AFCI | 3x Stringbox 3 STRING IP65 25A 1000V | Estrutura de fixação: Estrutura c/ Mini Trilho,21x 620Wp DAH | 10kW Mono 220V 3 MPPT AFCI | 3x Stringbox 3 STRING IP65 25A 1000V | Estrutura de fixação: Estrutura c/ Mini Trilho,"R$ 18.440,97",Indisponível,
https://portalb2b.neosolar.com.br/novo-pedido/produto/27045,,"Kit de Energia Solar On Grid 13,02KWP-OS 10,0KW LI Estrutura p/ Laje",21x 620Wp DAH | 10kW Mono 220V 3 MPPT AFCI | 3x Stringbox 3 STRING IP65 25A 1000V | Estrutura de fixação: Estrutura p/ Laje,21x 620Wp DAH | 10kW Mono 220V 3 MPPT AFCI | 3x Stringbox 3 STRING IP65 25A 1000V | Estrutura de fixação: Estrutura p/ Laje,"R$ 19.277,97",Indisponível,
https://portalb2b.neosolar.com.br/novo-pedido/produto/27050,,"Kit de Energia Solar On Grid 13,02KWP-OS 10,0KW LI Estrutura c/ Solo",21x 620Wp DAH | 10kW Mono 220V 3 MPPT AFCI | 3x Stringbox 3 STRING IP65 25A 1000V | Estrutura de fixação: Estrutura c/ Solo,21x 620Wp DAH | 10kW Mono 220V 3 MPPT AFCI | 3x Stringbox 3 STRING IP65 25A 1000V | Estrutura de fixação: Estrutura c/ Solo,"R$ 18.998,97",Indisponível,
https://portalb2b.neosolar.com.br/novo-pedido/produto/27054,,"Kit de Energia Solar On Grid 12,4KWP-OS 10,0KW LI Estrutura c/ Mini Trilho",20x 620Wp DAH | 10kW Mono 220V 2 MPPT AFCI | 2x Stringbox 2 STRING IP65 25A 1000V | Estrutura de fixação: Estrutura c/ Mini Trilho,20x 620Wp DAH | 10kW Mono 220V 2 MPPT AFCI | 2x Stringbox 2 STRING IP65 25A 1000V | Estrutura de fixação: Estrutura c/ Mini Trilho,"R$ 17.436,57",Indisponível,
https://portalb2b.neosolar.com.br/novo-pedido/produto/27052,,"Kit de Energia Solar On Grid 12,4KWP-OS 10,0KW LI Estrutura p/ Laje",20x 620Wp DAH | 10kW Mono 220V 2 MPPT AFCI | 2x Stringbox 2 STRING IP65 25A 1000V | Estrutura de fixação: Estrutura p/ Laje,20x 620Wp DAH | 10kW Mono 220V 2 MPPT AFCI | 2x Stringbox 2 STRING IP65 25A 1000V | Estrutura de fixação: Estrutura p/ Laje,"R$ 18.134,07",Indisponível,
https://portalb2b.neosolar.com.br/novo-pedido/produto/27059,,"Kit de Energia Solar On Grid 9,3KWP-OS 7,5KW LI Estrutura p/ Laje","15x 620Wp DAH | 7,5kW Mono 220V 3 MPPT AFCI | 3x Stringbox 3 STRING IP65 25A 1000V | Estrutura de fixação: Estrutura p/ Laje","15x 620Wp DAH | 7,5kW Mono 220V 3 MPPT AFCI | 3x Stringbox 3 STRING IP65 25A 1000V | Estrutura de fixação: Estrutura p/ Laje","R$ 13.679,37",Indisponível,
https://portalb2b.neosolar.com.br/novo-pedido/produto/27057,,"Kit de Energia Solar On Grid 12,4KWP-OS 10,0KW LI Estrutura c/ Solo",20x 620Wp DAH | 10kW Mono 220V 2 MPPT AFCI | 2x Stringbox 2 STRING IP65 25A 1000V | Estrutura de fixação: Estrutura c/ Solo,20x 620Wp DAH | 10kW Mono 220V 2 MPPT AFCI | 2x Stringbox 2 STRING IP65 25A 1000V | Estrutura de fixação: Estrutura c/ Solo,"R$ 17.901,57",Indisponível,
https://portalb2b.neosolar.com.br/novo-pedido/produto/27064,,"Kit de Energia Solar On Grid 9,3KWP-OS 7,5KW LI Estrutura c/ Solo","15x 620Wp DAH | 7,5kW Mono 220V 3 MPPT AFCI | 3x Stringbox 3 STRING IP65 25A 1000V | Estrutura de fixação: Estrutura c/ Solo","15x 620Wp DAH | 7,5kW Mono 220V 3 MPPT AFCI | 3x Stringbox 3 STRING IP65 25A 1000V | Estrutura de fixação: Estrutura c/ Solo","R$ 13.493,37",Indisponível,
https://portalb2b.neosolar.com.br/novo-pedido/produto/27066,,"Kit de Energia Solar On Grid 8,6KWP-OS 7,5KW LI Estrutura p/ Laje","14x 620Wp DAH | 7,5kW Mono 220V 2 MPPT AFCI | 2x Stringbox 2 STRING IP65 25A 1000V | Estrutura de fixação: Estrutura p/ Laje","14x 620Wp DAH | 7,5kW Mono 220V 2 MPPT AFCI | 2x Stringbox 2 STRING IP65 25A 1000V | Estrutura de fixação: Estrutura p/ Laje","R$ 12.851,67",Indisponível,
https://portalb2b.neosolar.com.br/novo-pedido/produto/27076,,"Kit de Energia Solar On Grid 7,44KWP-OS 6KW LI Estrutura Metálica",12x 620Wp DAH | 6kW Mono 220V 2 MPPT AFCI | 2x Stringbox 2 STRING IP65 25A 1000V | Estrutura de fixação: Estrutura Metálica,12x 620Wp DAH | 6kW Mono 220V 2 MPPT AFCI | 2x Stringbox 2 STRING IP65 25A 1000V | Estrutura de fixação: Estrutura Metálica,"R$ 10.461,57",Indisponível,
https://portalb2b.neosolar.com.br/novo-pedido/produto/27072,,"Kit de Energia Solar On Grid 7,44KWP-OS 6KW LI Estrutura p/ Laje",12x 620Wp DAH | 6kW Mono 220V 2 MPPT AFCI | 2x Stringbox 2 STRING IP65 25A 1000V | Estrutura de fixação: Estrutura p/ Laje,12x 620Wp DAH | 6kW Mono 220V 2 MPPT AFCI | 2x Stringbox 2 STRING IP65 25A 1000V | Estrutura de fixação: Estrutura p/ Laje,"R$ 10.880,07",Indisponível,
https://portalb2b.neosolar.com.br/novo-pedido/produto/27071,,"Kit de Energia Solar On Grid 8,6KWP-OS 7,5KW LI Estrutura p/ Solo","14x 620Wp DAH | 7,5kW Mono 220V 2 MPPT AFCI | 2x Stringbox 2 STRING IP65 25A 1000V | Estrutura de fixação: Estrutura p/ Solo","14x 620Wp DAH | 7,5kW Mono 220V 2 MPPT AFCI | 2x Stringbox 2 STRING IP65 25A 1000V | Estrutura de fixação: Estrutura p/ Solo","R$ 12.665,67",Indisponível,
https://portalb2b.neosolar.com.br/novo-pedido/produto/27077,,"Kit de Energia Solar On Grid 7,44KWP-OS 6KW LI Estrutura c/ Solo",12x 620Wp DAH | 6kW Mono 220V 2 MPPT AFCI | 2x Stringbox 2 STRING IP65 25A 1000V | Estrutura de fixação: Estrutura c/ Solo,12x 620Wp DAH | 6kW Mono 220V 2 MPPT AFCI | 2x Stringbox 2 STRING IP65 25A 1000V | Estrutura de fixação: Estrutura c/ Solo,"R$ 10.740,57",Indisponível,
https://portalb2b.neosolar.com.br/novo-pedido/produto/27133,,"Kit de Energia Solar On Grid 3,72KWP-OS 5KW LI Estrutura p/ Solo",6x 620Wp DAH | 5kW Mono 220V 1 MPPT AFCI | 1x Stringbox 1 STRING IP65 25A 1000V | Estrutura de fixação: Estrutura p/ Solo,6x 620Wp DAH | 5kW Mono 220V 1 MPPT AFCI | 1x Stringbox 1 STRING IP65 25A 1000V | Estrutura de fixação: Estrutura p/ Solo,"R$ 5.885,97",Indisponível,
https://portalb2b.neosolar.com.br/novo-pedido/produto/27144,,"Kit de Energia Solar On Grid 6,20KWP-OS 5KW LI Estrutura Metálica",10x 620Wp DAH | 5kW Mono 220V 2 MPPT AFCI | 2x Stringbox 2 STRING IP65 25A 1000V | Estrutura de fixação: Estrutura Metálica,10x 620Wp DAH | 5kW Mono 220V 2 MPPT AFCI | 2x Stringbox 2 STRING IP65 25A 1000V | Estrutura de fixação: Estrutura Metálica,"R$ 9.447,87",Indisponível,
https://portalb2b.neosolar.com.br/novo-pedido/produto/27145,,"Kit de Energia Solar On Grid 6,20KWP-OS 5KW LI Estrutura p/ Solo",10x 620Wp DAH | 5kW Mono 220V 2 MPPT AFCI | 2x Stringbox 2 STRING IP65 25A 1000V | Estrutura de fixação: Estrutura p/ Solo,10x 620Wp DAH | 5kW Mono 220V 2 MPPT AFCI | 2x Stringbox 2 STRING IP65 25A 1000V | Estrutura de fixação: Estrutura p/ Solo,"R$ 9.726,87",Indisponível,
https://portalb2b.neosolar.com.br/novo-pedido/produto/27139,,"Kit de Energia Solar On Grid 4,96KWP-OS 5KW LI Estrutura p/ Solo",8x 620Wp DAH | 5kW Mono 220V 1 MPPT AFCI | 1x Stringbox 1 STRING IP65 25A 1000V | Estrutura de fixação: Estrutura p/ Solo,8x 620Wp DAH | 5kW Mono 220V 1 MPPT AFCI | 1x Stringbox 1 STRING IP65 25A 1000V | Estrutura de fixação: Estrutura p/ Solo,"R$ 7.662,27",Indisponível,
https://portalb2b.neosolar.com.br/novo-pedido/produto/27388,,,---,,,Indisponível,
https://portalb2b.neosolar.com.br/novo-pedido/produto/26940,,Kit Gerador Energia Solar 2.48kWp - Microinversor Deye c/ Wifi SUN2250 - Painel DAH Solar c/ Solo,"Compre múltiplos p/ maiores potências |  Energia: até 297.6kWp | Potência: 2.48kWp | Paineis: 4x 620Wp | Microinversor: Deye de 2250W | Estrutura: c/ Solo | Acessórios: Conectores CA + MC4, Cabo CC, Endcap | Vca: 127/220V ou 220/380V","Compre múltiplos p/ maiores potências |  Energia: até 297.6kWp | Potência: 2.48kWp | Paineis: 4x 620Wp | Microinversor: Deye de 2250W | Estrutura: c/ Solo | Acessórios: Conectores CA + MC4, Cabo CC, Endcap | Vca: 127/220V ou 220/380V","R$ 3.117,86",Indisponível,
https://portalb2b.neosolar.com.br/novo-pedido/produto/21607,,"Kit Gerador Energia Solar 1,74 kWp - Microinversor Deye c/ Wifi SUN2000 - Painel OSDA Com Estrutura","Compre múltiplos p/ maiores potências |  Energia: até 208 kWh/mês | Potência: 1,74 kWp | Paineis: 3x 580Wp | Microinversor: Deye de 2000W | Estrutura: Metálica
Selecionável | Acessórios: Conectores CA + MC4, Cabo CC, Endcap | Vca: 127/220 V ou 220/380 V","Compre múltiplos p/ maiores potências |  Energia: até 208 kWh/mês | Potência: 1,74 kWp | Paineis: 3x 580Wp | Microinversor: Deye de 2000W | Estrutura: Metálica
Selecionável | Acessórios: Conectores CA + MC4, Cabo CC, Endcap | Vca: 127/220 V ou 220/380 V",,Indisponível,
https://portalb2b.neosolar.com.br/novo-pedido/produto/21608,,"Kit Gerador Energia Solar 1,74 kWp - Microinversor Deye c/ Wifi SUN2000 - Painel OSDA Com Estrtura","Compre múltiplos p/ maiores potências |  Energia: até 208 kWh/mês | Potência: 1,74 kWp | Paineis: 3x 580Wp | Microinversor: Deye de 2000W | Estrutura: Laje 
Selecionável | Acessórios: Conectores CA + MC4, Cabo CC, Endcap | Vca: 127/220 V ou 220/380 V","Compre múltiplos p/ maiores potências |  Energia: até 208 kWh/mês | Potência: 1,74 kWp | Paineis: 3x 580Wp | Microinversor: Deye de 2000W | Estrutura: Laje 
Selecionável | Acessórios: Conectores CA + MC4, Cabo CC, Endcap | Vca: 127/220 V ou 220/380 V",,Indisponível,
https://portalb2b.neosolar.com.br/novo-pedido/produto/21611,,"Kit Gerador Energia Solar 0,58 kWp - Microinversor Deye c/ Wifi SUN2000 - Painel OSDA (Metálica)","Compre múltiplos p/ maiores potências |  Energia: até 69 kWh/mês | Potência: 0,58 kWp | Paineis: 1x 580Wp | Microinversor: Deye de 2000W | Estrutura: Metálica | Acessórios: Conectores CA + MC4, Cabo CC, Endcap | Vca: 127/220 V ou 220/380 V","Compre múltiplos p/ maiores potências |  Energia: até 69 kWh/mês | Potência: 0,58 kWp | Paineis: 1x 580Wp | Microinversor: Deye de 2000W | Estrutura: Metálica | Acessórios: Conectores CA + MC4, Cabo CC, Endcap | Vca: 127/220 V ou 220/380 V",,Indisponível,
https://portalb2b.neosolar.com.br/novo-pedido/produto/21287,,"Kit Gerador Energia Solar 1,72 kWp - Microinversor Deye c/ Wifi SUN2000 - Painel OSDA Com Estrtutura","Compre múltiplos p/ maiores potências |  Energia: até 207 kWh/mês | Potência: 1,72 kWp | Paineis: 3x 575Wp | Microinversor: Deye de 2000W | Estrutura: Solo 
Selecionável | Acessórios: Conectores CA + MC4, Cabo CC, Endcap | Vca: 127/220 V ou 220/380 V","Compre múltiplos p/ maiores potências |  Energia: até 207 kWh/mês | Potência: 1,72 kWp | Paineis: 3x 575Wp | Microinversor: Deye de 2000W | Estrutura: Solo 
Selecionável | Acessórios: Conectores CA + MC4, Cabo CC, Endcap | Vca: 127/220 V ou 220/380 V",,Indisponível,
https://portalb2b.neosolar.com.br/novo-pedido/produto/21286,,"Kit Gerador Energia Solar 1,78 kWp - Microinversor Deye c/ Wifi SUN2000 - Painel Luxen (Solo)","Compre múltiplos p/ maiores potências |  Energia: até 214 kWh/mês | Potência: 1,78 kWp | Paineis: 3x 595Wp | Microinversor: Deye de 2000W | Estrutura: Para Solo | Acessórios: Conectores CA + MC4, Cabo CC, Endcap | Vca: 127/220 V ou 220/380 V","Compre múltiplos p/ maiores potências |  Energia: até 214 kWh/mês | Potência: 1,78 kWp | Paineis: 3x 595Wp | Microinversor: Deye de 2000W | Estrutura: Para Solo | Acessórios: Conectores CA + MC4, Cabo CC, Endcap | Vca: 127/220 V ou 220/380 V",,Indisponível,
https://portalb2b.neosolar.com.br/novo-pedido/produto/21267,,"Kit Gerador Energia Solar 2,38 kWp - Microinversor Deye c/ Wifi SUN2000 - Painel Luxen (Solo)","Compre múltiplos p/ maiores potências |  Energia: até 285 kWh/mês | Potência: 2,38 kWp | Paineis: 4x 595Wp | Microinversor: Deye de 2000W | Estrutura: Para Solo | Acessórios: Conectores CA + MC4, Cabo CC, Endcap | Vca: 127/220 V ou 220/380 V","Compre múltiplos p/ maiores potências |  Energia: até 285 kWh/mês | Potência: 2,38 kWp | Paineis: 4x 595Wp | Microinversor: Deye de 2000W | Estrutura: Para Solo | Acessórios: Conectores CA + MC4, Cabo CC, Endcap | Vca: 127/220 V ou 220/380 V",,Indisponível,
https://portalb2b.neosolar.com.br/novo-pedido/produto/21124,,"Kit Gerador Energia Solar 2,30 kWp - Microinversor Deye c/ Wifi SUN2000 - Painel OSDA (Mini Trilho)","Compre múltiplos p/ maiores potências |  Energia: até 276 kWh/mês | Potência: 2,30 kWp | Paineis: 4x 575Wp | Microinversor: Deye de 2000W | Estrutura: Mini Trilho | Acessórios: Conectores CA + MC4, Cabo CC, Endcap | Vca: 127/220 V ou 220/380 V","Compre múltiplos p/ maiores potências |  Energia: até 276 kWh/mês | Potência: 2,30 kWp | Paineis: 4x 575Wp | Microinversor: Deye de 2000W | Estrutura: Mini Trilho | Acessórios: Conectores CA + MC4, Cabo CC, Endcap | Vca: 127/220 V ou 220/380 V",,Indisponível,
https://portalb2b.neosolar.com.br/novo-pedido/produto/21609,,"Kit Gerador Energia Solar 0,58 kWp - Microinversor Deye c/ Wifi SUN2000 - Painel OSDA (Cerâmica)","Compre múltiplos p/ maiores potências |  Energia: até 69 kWh/mês | Potência: 0,58 kWp | Paineis: 1x 580Wp | Microinversor: Deye de 2000W | Estrutura: Cerâmica | Acessórios: Conectores CA + MC4, Cabo CC, Endcap | Vca: 127/220 V ou 220/380 V","Compre múltiplos p/ maiores potências |  Energia: até 69 kWh/mês | Potência: 0,58 kWp | Paineis: 1x 580Wp | Microinversor: Deye de 2000W | Estrutura: Cerâmica | Acessórios: Conectores CA + MC4, Cabo CC, Endcap | Vca: 127/220 V ou 220/380 V",,Indisponível,
https://portalb2b.neosolar.com.br/novo-pedido/produto/21073,,"Kit Gerador Energia Solar 1,72 kWp - Microinversor Deye c/ Wifi SUN2000 - Painel OSDA Com Estrtura","Compre múltiplos p/ maiores potências |  Energia: até 208 kWh/mês | Potência: 1,74 kWp | Paineis: 3x 580Wp | Microinversor: Deye de 2000W | Estrutura: Madeira
Selecionável | Acessórios: Conectores CA + MC4, Cabo CC, Endcap | Vca: 127/220 V ou 220/380 V","Compre múltiplos p/ maiores potências |  Energia: até 208 kWh/mês | Potência: 1,74 kWp | Paineis: 3x 580Wp | Microinversor: Deye de 2000W | Estrutura: Madeira
Selecionável | Acessórios: Conectores CA + MC4, Cabo CC, Endcap | Vca: 127/220 V ou 220/380 V",,Indisponível,
https://portalb2b.neosolar.com.br/novo-pedido/produto/21070,,"Kit Gerador Energia Solar 1,78 kWp - Microinversor Deye c/ Wifi SUN2000 - Painel Luxen (Metálica)","Compre múltiplos p/ maiores potências |  Energia: até 214 kWh/mês | Potência: 1,78 kWp | Paineis: 3x 595Wp | Microinversor: Deye de 2000W | Estrutura: Metálica | Acessórios: Conectores CA + MC4, Cabo CC, Endcap | Vca: 127/220 V ou 220/380 V","Compre múltiplos p/ maiores potências |  Energia: até 214 kWh/mês | Potência: 1,78 kWp | Paineis: 3x 595Wp | Microinversor: Deye de 2000W | Estrutura: Metálica | Acessórios: Conectores CA + MC4, Cabo CC, Endcap | Vca: 127/220 V ou 220/380 V",,Indisponível,
https://portalb2b.neosolar.com.br/novo-pedido/produto/21068,,"Kit Gerador Energia Solar 1,78 kWp - Microinversor Deye c/ Wifi SUN2000 - Painel Luxen (Cerâmica)","Compre múltiplos p/ maiores potências |  Energia: até 214 kWh/mês | Potência: 1,78 kWp | Paineis: 3x 595Wp | Microinversor: Deye de 2000W | Estrutura: Para Cerâmica | Acessórios: Conectores CA + MC4, Cabo CC, Endcap | Vca: 127/220 V ou 220/380 V","Compre múltiplos p/ maiores potências |  Energia: até 214 kWh/mês | Potência: 1,78 kWp | Paineis: 3x 595Wp | Microinversor: Deye de 2000W | Estrutura: Para Cerâmica | Acessórios: Conectores CA + MC4, Cabo CC, Endcap | Vca: 127/220 V ou 220/380 V",,Indisponível,
https://portalb2b.neosolar.com.br/novo-pedido/produto/21071,,"Kit Gerador Energia Solar 1,78 kWp - Microinversor Deye c/ Wifi SUN2000 - Painel Luxen (Laje)","Compre múltiplos p/ maiores potências |  Energia: até 214 kWh/mês | Potência: 1,78 kWp | Paineis: 3x 595Wp | Microinversor: Deye de 2000W | Estrutura: Para laje | Acessórios: Conectores CA + MC4, Cabo CC, Endcap | Vca: 127/220 V ou 220/380 V","Compre múltiplos p/ maiores potências |  Energia: até 214 kWh/mês | Potência: 1,78 kWp | Paineis: 3x 595Wp | Microinversor: Deye de 2000W | Estrutura: Para laje | Acessórios: Conectores CA + MC4, Cabo CC, Endcap | Vca: 127/220 V ou 220/380 V",,Indisponível,
https://portalb2b.neosolar.com.br/novo-pedido/produto/21047,,"Kit Gerador Energia Solar 2,30 kWp - Microinversor Deye c/ Wifi SUN2000 - Painel OSDA (Metálica)","Compre múltiplos p/ maiores potências |  Energia: até 276 kWh/mês | Potência: 2,30 kWp | Paineis: 4x 575Wp | Microinversor: Deye de 2000W | Estrutura: Fibro Metálica | Acessórios: Conectores CA + MC4, Cabo CC, Endcap | Vca: 127/220 V ou 220/380 V","Compre múltiplos p/ maiores potências |  Energia: até 276 kWh/mês | Potência: 2,30 kWp | Paineis: 4x 575Wp | Microinversor: Deye de 2000W | Estrutura: Fibro Metálica | Acessórios: Conectores CA + MC4, Cabo CC, Endcap | Vca: 127/220 V ou 220/380 V",,Indisponível,