id,name,manufacturer,model,category,price_brl,power_w,efficiency,voltage_v,current_a,image,image_url,source,availability,description,image_tier,specs_count
"neosolar_chargers_23757","https://portal.zydon.com.br/api/files/699bb4b0-ff8e-44fc-8977-59a88b5bc923/content?ingress=portalb2b.neosolar.com.br","NEOSOLAR","","chargers","4726","1500","","","59","images\NEOSOLAR-CHARGERS\NEOSOLAR_CHARGERS_23757.jpg","images\NEOSOLAR-CHARGERS\NEOSOLAR_CHARGERS_23757.jpg","portalb2b.neosolar.com.br","true","Kit Bomba Solar ZTROON - 3ZTPC3.8-180-96-1500W - até 180m ou 22.800 L/dia (23757)","high","2"
"neosolar_chargers_20863","https://portal.zydon.com.br/api/files/f5057807-4e5a-4e42-84a0-4a1a3adf5f13/content?ingress=portalb2b.neosolar.com.br","NEOSOLAR","","chargers","1927","","","","5","images\NEOSOLAR-CHARGERS\NEOSOLAR_CHARGERS_20863.jpg","images\NEOSOLAR-CHARGERS\NEOSOLAR_CHARGERS_20863.jpg","portalb2b.neosolar.com.br","true","""Bomba Solar ZTROON 3"""" - 180m ou 19m³/dia | 3ZTPC3.8-180-96-1500""","high","1"
"neosolar_chargers_27329","https://portalb2b.neosolar.com.br/b2b-noimage-white.svg","NEOSOLAR","","chargers","1862","","","","","images\NEOSOLAR-CHARGERS\NEOSOLAR_CHARGERS_27329.jpg","images\NEOSOLAR-CHARGERS\NEOSOLAR_CHARGERS_27329.jpg","portalb2b.neosolar.com.br","true","Kit Bomba Solar Anauger R100 STD - até 40m ou 4.600 L/dia","high","0"
"neosolar_chargers_20035","https://portal.zydon.com.br/api/files/f51fe085-0d00-4d6e-94a2-5ffbdca9ee0a/content?ingress=portalb2b.neosolar.com.br","NEOSOLAR","","chargers","1529","","","","94","images\NEOSOLAR-CHARGERS\NEOSOLAR_CHARGERS_20035.jpg","images\NEOSOLAR-CHARGERS\NEOSOLAR_CHARGERS_20035.jpg","portalb2b.neosolar.com.br","true","Bomba Solar Anauger R100 - até 40m ou 8.600 L/dia","high","1"
"neosolar_chargers_20031","https://portal.zydon.com.br/api/files/ae0f43e2-2883-4e96-bc4c-433ba1f83827/content?ingress=portalb2b.neosolar.com.br","NEOSOLAR","","chargers","79","","","","15","images\NEOSOLAR-CHARGERS\NEOSOLAR_CHARGERS_20031.jpg","images\NEOSOLAR-CHARGERS\NEOSOLAR_CHARGERS_20031.jpg","portalb2b.neosolar.com.br","true","""Bóia de Nível Anauger SensorControl 15A - 3","high","1"
"neosolar_chargers_24072","https://portal.zydon.com.br/api/files/fe848e58-c590-45f6-a8bf-f5d77397f5a9/content?ingress=portalb2b.neosolar.com.br","NEOSOLAR","","chargers","5175","","","","5","images\NEOSOLAR-CHARGERS\NEOSOLAR_CHARGERS_24072.jpg","images\NEOSOLAR-CHARGERS\NEOSOLAR_CHARGERS_24072.jpg","portalb2b.neosolar.com.br","true","Kit Bomba Solar Híbrida ZTROON - 4ZTSC4.8-203-200-1500-A/D - até 203m ou 27.000 L/dia","high","1"
"neosolar_chargers_21295","https://portal.zydon.com.br/api/files/fa844e2e-3f9d-4bae-b677-f72e0eb8776b/content?ingress=portalb2b.neosolar.com.br","NEOSOLAR","","chargers","2816","","","","","images\NEOSOLAR-CHARGERS\NEOSOLAR_CHARGERS_21295.jpg","images\NEOSOLAR-CHARGERS\NEOSOLAR_CHARGERS_21295.jpg","portalb2b.neosolar.com.br","true","""Bomba Solar Híbrida ZTROON 4"""" - 203m ou 24m³/dia | 4ZTSC4.8-203-200-1500-A/D""","high","0"
"neosolar_chargers_23758","https://portal.zydon.com.br/api/files/3f8e14ff-f8de-48b6-97c5-3508c9657f94/content?ingress=portalb2b.neosolar.com.br","NEOSOLAR","","chargers","4794","1500","","","","images\NEOSOLAR-CHARGERS\NEOSOLAR_CHARGERS_23758.jpg","images\NEOSOLAR-CHARGERS\NEOSOLAR_CHARGERS_23758.jpg","portalb2b.neosolar.com.br","true","Kit Bomba Solar Centrífuga ZTROON - 3ZTPC6-125-96-1500W - até 125m ou 36.000 L/dia (23758)","high","1"
"neosolar_chargers_20864","https://portal.zydon.com.br/api/files/2df9d9d7-c021-47ea-9886-ad5db3dd2228/content?ingress=portalb2b.neosolar.com.br","NEOSOLAR","","chargers","2008","1500","","","","images\NEOSOLAR-CHARGERS\NEOSOLAR_CHARGERS_20864.jpg","images\NEOSOLAR-CHARGERS\NEOSOLAR_CHARGERS_20864.jpg","portalb2b.neosolar.com.br","true","""Bomba Solar ZTROON 3"""" - 125m ou 30m³/dia | 3ZTPC6-125-96-1500W""","high","1"
"neosolar_chargers_20860","https://portal.zydon.com.br/api/files/63781a4b-0d21-413a-8e76-fa97645dbbe9/content?ingress=portalb2b.neosolar.com.br","NEOSOLAR","","chargers","1686","750","","","63781","images\NEOSOLAR-CHARGERS\NEOSOLAR_CHARGERS_20860.jpg","images\NEOSOLAR-CHARGERS\NEOSOLAR_CHARGERS_20860.jpg","portalb2b.neosolar.com.br","true","""Bomba Solar ZTROON 3"""" - 150m ou 10m³/dia | 3ZTS2.0-150-48-750W""","high","2"
"neosolar_chargers_24021","https://portal.zydon.com.br/api/files/e3ef3254-b830-4c90-9e71-4cdc365b718a/content?ingress=portalb2b.neosolar.com.br","NEOSOLAR","","chargers","3028","750","","","718","images\NEOSOLAR-CHARGERS\NEOSOLAR_CHARGERS_24021.jpg","images\NEOSOLAR-CHARGERS\NEOSOLAR_CHARGERS_24021.jpg","portalb2b.neosolar.com.br","true","Kit Bomba Solar Helicoidal ZTROON - 3ZTS2.0-150-48-750W - até 150m ou 12.000L/dia","high","2"
"neosolar_chargers_23761","https://portal.zydon.com.br/api/files/a598cf98-81a3-4099-930d-631b798105d9/content?ingress=portalb2b.neosolar.com.br","NEOSOLAR","","chargers","4871","","","","81","images\NEOSOLAR-CHARGERS\NEOSOLAR_CHARGERS_23761.jpg","images\NEOSOLAR-CHARGERS\NEOSOLAR_CHARGERS_23761.jpg","portalb2b.neosolar.com.br","true","Kit Bomba Solar Híbrida ZTROON - 4ZTLR11.5-100-200-1500-A/D - até 100m ou 69.000 L/dia (23761)","high","1"
"neosolar_chargers_20862","https://portal.zydon.com.br/api/files/e7886184-46e7-4a8c-a041-deef067e84ba/content?ingress=portalb2b.neosolar.com.br","NEOSOLAR","","chargers","1927","750","","","4","images\NEOSOLAR-CHARGERS\NEOSOLAR_CHARGERS_20862.jpg","images\NEOSOLAR-CHARGERS\NEOSOLAR_CHARGERS_20862.jpg","portalb2b.neosolar.com.br","true","""Bomba Solar ZTROON 3"""" - 75m ou 26m³/dia | 3ZTPC5.2-75-96-750W""","high","2"
"neosolar_chargers_23759","https://portal.zydon.com.br/api/files/bdae5acc-18e6-451f-bb19-083da80777fa/content?ingress=portalb2b.neosolar.com.br","NEOSOLAR","","chargers","3167","750","","","5","images\NEOSOLAR-CHARGERS\NEOSOLAR_CHARGERS_23759.jpg","images\NEOSOLAR-CHARGERS\NEOSOLAR_CHARGERS_23759.jpg","portalb2b.neosolar.com.br","true","Kit Bomba Solar Centrífuga ZTROON - 3ZTPC5.2-75-96-750W - até 75m ou 31.200 L/dia (23759)","high","2"
"neosolar_chargers_20868","https://portal.zydon.com.br/api/files/c3cc4bd2-96ce-412b-aec4-eb08b9db4aa7/content?ingress=portalb2b.neosolar.com.br","NEOSOLAR","","chargers","2560","","","","4","images\NEOSOLAR-CHARGERS\NEOSOLAR_CHARGERS_20868.jpg","images\NEOSOLAR-CHARGERS\NEOSOLAR_CHARGERS_20868.jpg","portalb2b.neosolar.com.br","true","""Bomba Solar Híbrida ZTROON 4"""" - 100m ou 57.5m³/dia | 4ZTLR11.5-100-200-1500-A/D""","high","1"
"neosolar_chargers_24607","https://portal.zydon.com.br/api/files/4449a6bc-4e2c-4b3c-aa81-4272e39780e1/content?ingress=portalb2b.neosolar.com.br","NEOSOLAR","","chargers","2246","500","","","4449","images\NEOSOLAR-CHARGERS\NEOSOLAR_CHARGERS_24607.jpg","images\NEOSOLAR-CHARGERS\NEOSOLAR_CHARGERS_24607.jpg","portalb2b.neosolar.com.br","true","Kit Bomba Solar Helicoidal ZTROON - 3ZTS1.7-109-48-500W - até 900Wp","high","2"
"neosolar_chargers_20859","https://portal.zydon.com.br/api/files/0621ac19-b6a6-4ba6-aedd-228e57e3c5dd/content?ingress=portalb2b.neosolar.com.br","NEOSOLAR","","chargers","1525","500","","","621","images\NEOSOLAR-CHARGERS\NEOSOLAR_CHARGERS_20859.jpg","images\NEOSOLAR-CHARGERS\NEOSOLAR_CHARGERS_20859.jpg","portalb2b.neosolar.com.br","true","""Bomba Solar ZTROON 3"""" - 109 m ou 8.5m³/dia | 3ZTS1.7-109-48-500W""","high","2"
"neosolar_chargers_20870","https://portal.zydon.com.br/api/files/d4919d44-29b2-42ce-b9a4-6d68d9b8e2a9/content?ingress=portalb2b.neosolar.com.br","NEOSOLAR","","chargers","40","","","","9","images\NEOSOLAR-CHARGERS\NEOSOLAR_CHARGERS_20870.jpg","images\NEOSOLAR-CHARGERS\NEOSOLAR_CHARGERS_20870.jpg","portalb2b.neosolar.com.br","true","Eixo Helicoidal (Parafuso) para Reposição – Bomba Solar ZTROON","high","1"
"neosolar_chargers_25220","https://portal.zydon.com.br/api/files/315aa012-f6c2-4ee7-905b-4bd48b531d3a/content?ingress=portalb2b.neosolar.com.br","NEOSOLAR","","chargers","1631","","","","315","images\NEOSOLAR-CHARGERS\NEOSOLAR_CHARGERS_25220.jpg","images\NEOSOLAR-CHARGERS\NEOSOLAR_CHARGERS_25220.jpg","portalb2b.neosolar.com.br","true","Kit Bomba Solar Anauger P100 MAXX - até 40m ou 8.600 L/dia","high","1"
"neosolar_chargers_24795","https://portal.zydon.com.br/api/files/e96f9f86-f7da-4bca-aa8d-4e1b3ae2b9d1/content?ingress=portalb2b.neosolar.com.br","NEOSOLAR","","chargers","1266","","","12","3","images\NEOSOLAR-CHARGERS\NEOSOLAR_CHARGERS_24795.jpg","images\NEOSOLAR-CHARGERS\NEOSOLAR_CHARGERS_24795.jpg","portalb2b.neosolar.com.br","true","Kit Bomba Solar 12V Shurflo 8000 MAXX - até 42m ou 2.940 L/dia","high","2"
"neosolar_chargers_24475","https://portal.zydon.com.br/api/files/a2764dab-9208-430f-b8f0-aa11af8b1619/content?ingress=portalb2b.neosolar.com.br","NEOSOLAR","","chargers","2598","","","","11","images\NEOSOLAR-CHARGERS\NEOSOLAR_CHARGERS_24475.jpg","images\NEOSOLAR-CHARGERS\NEOSOLAR_CHARGERS_24475.jpg","portalb2b.neosolar.com.br","true","""Inversor Drive Solar p/ Bomba 7","high","1"
"neosolar_chargers_24473","https://portal.zydon.com.br/api/files/6d62d439-8ed4-4d3c-b345-9c47cadac00e/content?ingress=portalb2b.neosolar.com.br","NEOSOLAR","","chargers","3543","","","","","images\NEOSOLAR-CHARGERS\NEOSOLAR_CHARGERS_24473.jpg","images\NEOSOLAR-CHARGERS\NEOSOLAR_CHARGERS_24473.jpg","portalb2b.neosolar.com.br","true","Inversor Drive Solar p/ Bomba 10CV Trifásica - APOLLO GS500-11G-4TB","high","0"
"neosolar_chargers_24249","https://portal.zydon.com.br/api/files/772224e9-9d93-45b5-8a35-233d99f588a0/content?ingress=portalb2b.neosolar.com.br","NEOSOLAR","","chargers","1734","","","","8","images\NEOSOLAR-CHARGERS\NEOSOLAR_CHARGERS_24249.jpg","images\NEOSOLAR-CHARGERS\NEOSOLAR_CHARGERS_24249.jpg","portalb2b.neosolar.com.br","true","Kit Bomba Solar Anauger R100 STD - até 40m ou 4.600 L/dia","high","1"
"neosolar_chargers_24802","https://portal.zydon.com.br/api/files/fb1c109d-388c-469f-811d-3ec1de14edd4/content?ingress=portalb2b.neosolar.com.br","NEOSOLAR","","chargers","6989","","","","","images\NEOSOLAR-CHARGERS\NEOSOLAR_CHARGERS_24802.jpg","images\NEOSOLAR-CHARGERS\NEOSOLAR_CHARGERS_24802.jpg","portalb2b.neosolar.com.br","true","Kit Bomba Solar Híbrida ZTROON - 4ZTSC6-255-200-2200-A/D - até 255m ou 30.000L/dia","high","0"
"neosolar_chargers_26904","https://portal.zydon.com.br/api/files/29523666-a11e-48d4-bac4-bf6845f69af6/content?ingress=portalb2b.neosolar.com.br","NEOSOLAR","","chargers","7250","","","","69","images\NEOSOLAR-CHARGERS\NEOSOLAR_CHARGERS_26904.jpg","images\NEOSOLAR-CHARGERS\NEOSOLAR_CHARGERS_26904.jpg","portalb2b.neosolar.com.br","true","Kit Bomba Solar Híbrida ZTROON - 4ZTSC6-255-200-2200-A/D - até 255m ou 30.000L/dia","high","1"
"neosolar_chargers_25128","https://portal.zydon.com.br/api/files/52c465fb-6ce7-490a-a82d-da9a2ce10115/content?ingress=portalb2b.neosolar.com.br","NEOSOLAR","","chargers","1198","","","12","490","images\NEOSOLAR-CHARGERS\NEOSOLAR_CHARGERS_25128.jpg","images\NEOSOLAR-CHARGERS\NEOSOLAR_CHARGERS_25128.jpg","portalb2b.neosolar.com.br","true","Kit Bomba Solar 12V Shurflo 8000 STD - até 42m ou 2.940 L/dia","high","2"
"neosolar_chargers_22154","https://portal.zydon.com.br/api/files/e94f6fbf-55a8-452c-b3df-3b5f1aa4f1e8/content?ingress=portalb2b.neosolar.com.br","NEOSOLAR","","chargers","332","","","24","55","images\NEOSOLAR-CHARGERS\NEOSOLAR_CHARGERS_22154.jpg","images\NEOSOLAR-CHARGERS\NEOSOLAR_CHARGERS_22154.jpg","portalb2b.neosolar.com.br","true","Driver para Bomba Solar ZTROON - Controlador MPPT de 24V","high","2"
"neosolar_chargers_24467","https://portal.zydon.com.br/api/files/c215e4c1-2dba-43f8-b0e9-46d3a728fa14/content?ingress=portalb2b.neosolar.com.br","NEOSOLAR","","chargers","4778","","","","3","images\NEOSOLAR-CHARGERS\NEOSOLAR_CHARGERS_24467.jpg","images\NEOSOLAR-CHARGERS\NEOSOLAR_CHARGERS_24467.jpg","portalb2b.neosolar.com.br","true","""Bomba Solar Híbrida ZTROON 4"""" - até 255m ou 30m³/dia | 4ZTSC6-255-200-2200-A/D""","high","1"
"neosolar_chargers_20044","https://portal.zydon.com.br/api/files/e424c0e8-a9f6-4061-9ffe-22d4441f7d4d/content?ingress=portalb2b.neosolar.com.br","NEOSOLAR","","chargers","1096","","","12","","images\NEOSOLAR-CHARGERS\NEOSOLAR_CHARGERS_20044.jpg","images\NEOSOLAR-CHARGERS\NEOSOLAR_CHARGERS_20044.jpg","portalb2b.neosolar.com.br","true","Bomba Solar Superfície 12V Shurflo 8000 - até 42m ou 2.940 L/dia","high","1"
"neosolar_chargers_24019","https://portal.zydon.com.br/api/files/d2c63e11-a924-4b82-a994-89254b5507c7/content?ingress=portalb2b.neosolar.com.br","NEOSOLAR","","chargers","4589","1500","","","","images\NEOSOLAR-CHARGERS\NEOSOLAR_CHARGERS_24019.jpg","images\NEOSOLAR-CHARGERS\NEOSOLAR_CHARGERS_24019.jpg","portalb2b.neosolar.com.br","true","Kit Bomba Solar Superfície ZTROON - ZTHF50-17-96-1500W - até 17m ou 270m³/dia","high","1"
"neosolar_chargers_20871","https://portal.zydon.com.br/api/files/f9dd20b6-2967-4bb1-bc99-14989b1f8dd3/content?ingress=portalb2b.neosolar.com.br","NEOSOLAR","","chargers","84","","","","","images\NEOSOLAR-CHARGERS\NEOSOLAR_CHARGERS_20871.jpg","images\NEOSOLAR-CHARGERS\NEOSOLAR_CHARGERS_20871.jpg","portalb2b.neosolar.com.br","true","Sensor de Nível de Poço – Reposição Bombas Solares ZTROON","high","0"
"neosolar_chargers_27327","https://portalb2b.neosolar.com.br/b2b-noimage-white.svg","NEOSOLAR","","chargers","1818","","","","","images\NEOSOLAR-CHARGERS\NEOSOLAR_CHARGERS_27327.jpg","images\NEOSOLAR-CHARGERS\NEOSOLAR_CHARGERS_27327.jpg","portalb2b.neosolar.com.br","true","Kit Bomba Solar Anauger P100 STD - até 40m ou 4.600 L/dia","high","0"
"neosolar_chargers_24474","https://portal.zydon.com.br/api/files/03fb698b-f298-48a6-8ebd-eafbfd908f06/content?ingress=portalb2b.neosolar.com.br","NEOSOLAR","","chargers","1487","","","","48","images\NEOSOLAR-CHARGERS\NEOSOLAR_CHARGERS_24474.jpg","images\NEOSOLAR-CHARGERS\NEOSOLAR_CHARGERS_24474.jpg","portalb2b.neosolar.com.br","true","Inversor Drive Solar p/ Bomba 3CV Trifásica - APOLLO GS500-2.2G-2SB","high","1"
"neosolar_chargers_20034","https://portal.zydon.com.br/api/files/7bd18043-be42-4937-b866-9d817845b88a/content?ingress=portalb2b.neosolar.com.br","NEOSOLAR","","chargers","1483","","","","88","images\NEOSOLAR-CHARGERS\NEOSOLAR_CHARGERS_20034.jpg","images\NEOSOLAR-CHARGERS\NEOSOLAR_CHARGERS_20034.jpg","portalb2b.neosolar.com.br","true","Bomba Solar Anauger P100 - até 40m ou 8.600 L/dia","high","1"
"neosolar_chargers_21294","https://portal.zydon.com.br/api/files/8e54df63-16da-49b8-b88f-8d6378dc5bae/content?ingress=portalb2b.neosolar.com.br","NEOSOLAR","","chargers","1766","","","","","images\NEOSOLAR-CHARGERS\NEOSOLAR_CHARGERS_21294.jpg","images\NEOSOLAR-CHARGERS\NEOSOLAR_CHARGERS_21294.jpg","portalb2b.neosolar.com.br","true","Bomba Solar Superfície ZTROON - 17m ou 250m³/dia | ZTHF50-17-96-1500","high","0"
"neosolar_chargers_24801","https://portal.zydon.com.br/api/files/e5089d6e-af8d-45f3-abdd-7c3853215942/content?ingress=portalb2b.neosolar.com.br","NEOSOLAR","","chargers","5715","","","","","images\NEOSOLAR-CHARGERS\NEOSOLAR_CHARGERS_24801.jpg","images\NEOSOLAR-CHARGERS\NEOSOLAR_CHARGERS_24801.jpg","portalb2b.neosolar.com.br","true","Kit Bomba Solar Híbrida ZTROON - 4ZTPC14-125-200-2200-A/D - até 125m ou 70.000L/dia","high","0"
"neosolar_chargers_26903","https://portal.zydon.com.br/api/files/f1893dd9-96be-4b81-9189-5c98b4b3ea6f/content?ingress=portalb2b.neosolar.com.br","NEOSOLAR","","chargers","5974","","","","","images\NEOSOLAR-CHARGERS\NEOSOLAR_CHARGERS_26903.jpg","images\NEOSOLAR-CHARGERS\NEOSOLAR_CHARGERS_26903.jpg","portalb2b.neosolar.com.br","true","Kit Bomba Solar Híbrida ZTROON - 4ZTPC14-125-200-2200-A/D - até 125m ou 70.000L/dia","high","0"
"neosolar_chargers_25023","https://portal.zydon.com.br/api/files/2066062b-d49f-4c8c-873c-183ca7ab1317/content?ingress=portalb2b.neosolar.com.br","NEOSOLAR","","chargers","6809","4880","","220","7","images\NEOSOLAR-CHARGERS\NEOSOLAR_CHARGERS_25023.jpg","images\NEOSOLAR-CHARGERS\NEOSOLAR_CHARGERS_25023.jpg","portalb2b.neosolar.com.br","true","Kit Solar p/ Bomba (CA) até 3CV 220V - Apollo GS500 2.2G-2SB - 4.88kWp","high","3"
"neosolar_chargers_24716","https://portal.zydon.com.br/api/files/3e25e0ef-b64c-4e00-bf78-d841a1c9b644/content?ingress=portalb2b.neosolar.com.br","NEOSOLAR","","chargers","6592","4960","","220","841","images\NEOSOLAR-CHARGERS\NEOSOLAR_CHARGERS_24716.jpg","images\NEOSOLAR-CHARGERS\NEOSOLAR_CHARGERS_24716.jpg","portalb2b.neosolar.com.br","true","Kit Solar p/ Bomba (CA) até 3CV 220V - Apollo GS500 2.2G-2SB - 4.96kWp","high","3"
"neosolar_chargers_27328","https://portalb2b.neosolar.com.br/b2b-noimage-white.svg","NEOSOLAR","","chargers","1835","","","","","images\NEOSOLAR-CHARGERS\NEOSOLAR_CHARGERS_27328.jpg","images\NEOSOLAR-CHARGERS\NEOSOLAR_CHARGERS_27328.jpg","portalb2b.neosolar.com.br","true","Kit Bomba Solar Anauger P100 MAXX - até 40m ou 8.600 L/dia","high","0"
"neosolar_chargers_27330","https://portalb2b.neosolar.com.br/b2b-noimage-white.svg","NEOSOLAR","","chargers","1879","","","","","images\NEOSOLAR-CHARGERS\NEOSOLAR_CHARGERS_27330.jpg","images\NEOSOLAR-CHARGERS\NEOSOLAR_CHARGERS_27330.jpg","portalb2b.neosolar.com.br","true","Kit Bomba Solar Anauger R100 MAXX - até 40m ou 8.600 L/dia","high","0"
"neosolar_chargers_24718","https://portal.zydon.com.br/api/files/5ea025f9-bf2e-441c-be33-cb32f31556e4/content?ingress=portalb2b.neosolar.com.br","NEOSOLAR","","chargers","17270","16120.000000000002","","380","","images\NEOSOLAR-CHARGERS\NEOSOLAR_CHARGERS_24718.jpg","images\NEOSOLAR-CHARGERS\NEOSOLAR_CHARGERS_24718.jpg","portalb2b.neosolar.com.br","true","Kit Solar p/ Bomba (CA) até 7.5CV 380V - Apollo GS500 7.5G - 16.12kWp","high","2"
"neosolar_chargers_26901","https://portalb2b.neosolar.com.br/b2b-noimage-white.svg","NEOSOLAR","","chargers","15699","16120.000000000002","","380","","images\NEOSOLAR-CHARGERS\NEOSOLAR_CHARGERS_26901.jpg","images\NEOSOLAR-CHARGERS\NEOSOLAR_CHARGERS_26901.jpg","portalb2b.neosolar.com.br","true","Kit Solar p/ Bomba (CA) até 7.5CV 380V - Apollo GS500 7.5G - 16.12kWp","high","2"
"neosolar_chargers_26900","https://portalb2b.neosolar.com.br/b2b-noimage-white.svg","NEOSOLAR","","chargers","6870","4960","","220","","images\NEOSOLAR-CHARGERS\NEOSOLAR_CHARGERS_26900.jpg","images\NEOSOLAR-CHARGERS\NEOSOLAR_CHARGERS_26900.jpg","portalb2b.neosolar.com.br","true","Kit Solar p/ Bomba (CA) até 3CV 220V - Apollo GS500 2.2G-2SB - 4.96kWp","high","2"
"neosolar_chargers_24606","https://portal.zydon.com.br/api/files/340000bb-fb69-4221-9280-57e9ac3f7293/content?ingress=portalb2b.neosolar.com.br","NEOSOLAR","","chargers","2110","500","","","9","images\NEOSOLAR-CHARGERS\NEOSOLAR_CHARGERS_24606.jpg","images\NEOSOLAR-CHARGERS\NEOSOLAR_CHARGERS_24606.jpg","portalb2b.neosolar.com.br","true","Kit Bomba Solar Helicoidal ZTROON - 3ZTS1.7-109-48-500W - até 109 m ou 10.200 L/dia","high","2"
"neosolar_chargers_24608","https://portal.zydon.com.br/api/files/235b0238-222a-4987-a269-46d142ac1f8b/content?ingress=portalb2b.neosolar.com.br","NEOSOLAR","","chargers","1905","550","","","222","images\NEOSOLAR-CHARGERS\NEOSOLAR_CHARGERS_24608.jpg","images\NEOSOLAR-CHARGERS\NEOSOLAR_CHARGERS_24608.jpg","portalb2b.neosolar.com.br","true","Kit Bomba Solar Superfície ZTROON - ZTHF6-24-48-550W - até 24m ou 36m³/dia","high","2"
"neosolar_chargers_20872","https://portal.zydon.com.br/api/files/ef1db30e-ed10-4589-a48d-e4b26f1cfbf1/content?ingress=portalb2b.neosolar.com.br","NEOSOLAR","","chargers","690","","","48","","images\NEOSOLAR-CHARGERS\NEOSOLAR_CHARGERS_20872.jpg","images\NEOSOLAR-CHARGERS\NEOSOLAR_CHARGERS_20872.jpg","portalb2b.neosolar.com.br","true","Driver para Bomba Solar ZTROON - Controlador MPPT de 48V","high","1"
"neosolar_chargers_26902","https://portal.zydon.com.br/api/files/8a3276e9-8a4d-468c-b977-528688d934e2/content?ingress=portalb2b.neosolar.com.br","NEOSOLAR","","chargers","23171","24180","","380","8","images\NEOSOLAR-CHARGERS\NEOSOLAR_CHARGERS_26902.jpg","images\NEOSOLAR-CHARGERS\NEOSOLAR_CHARGERS_26902.jpg","portalb2b.neosolar.com.br","true","Kit Solar p/ Bomba (CA) até 10CV 380V - Apollo GS500 11G - 24.18kWp","high","3"
"neosolar_chargers_20045","https://portal.zydon.com.br/api/files/ef249691-d95d-4552-bd1e-410d6146870e/content?ingress=portalb2b.neosolar.com.br","NEOSOLAR","","chargers","2891","","","24","","images\NEOSOLAR-CHARGERS\NEOSOLAR_CHARGERS_20045.jpg","images\NEOSOLAR-CHARGERS\NEOSOLAR_CHARGERS_20045.jpg","portalb2b.neosolar.com.br","true","Bomba Solar Submersa 24V Shurflo 9325- até 70m","high","1"
"neosolar_chargers_24717","https://portal.zydon.com.br/api/files/b02062dd-503f-466c-a9f7-239a8f0f36f2/content?ingress=portalb2b.neosolar.com.br","NEOSOLAR","","chargers","25936","24180","","380","239","images\NEOSOLAR-CHARGERS\NEOSOLAR_CHARGERS_24717.jpg","images\NEOSOLAR-CHARGERS\NEOSOLAR_CHARGERS_24717.jpg","portalb2b.neosolar.com.br","true","Kit Solar p/ Bomba (CA) até 10CV 380V - Apollo GS500 11G - 24.18kWp","high","3"
"neosolar_chargers_25025","https://portal.zydon.com.br/api/files/e1314e53-fbec-41bf-be88-33f3f5cd8412/content?ingress=portalb2b.neosolar.com.br","NEOSOLAR","","chargers","26433","23390","","380","","images\NEOSOLAR-CHARGERS\NEOSOLAR_CHARGERS_25025.jpg","images\NEOSOLAR-CHARGERS\NEOSOLAR_CHARGERS_25025.jpg","portalb2b.neosolar.com.br","true","Kit Solar p/ Bomba (CA) até 10CV 380V - Apollo GS500 11G - 23.39kWp","high","2"
"neosolar_chargers_23760","https://portal.zydon.com.br/api/files/c653cc8e-bcdb-4d99-b5c7-4689cb67ddd2/content?ingress=portalb2b.neosolar.com.br","NEOSOLAR","","chargers","1570","210","","","","images\NEOSOLAR-CHARGERS\NEOSOLAR_CHARGERS_23760.jpg","images\NEOSOLAR-CHARGERS\NEOSOLAR_CHARGERS_23760.jpg","portalb2b.neosolar.com.br","true","Kit Bomba Solar Helicoidal ZTROON 3ZTS1.2-77-24-210W - até 77m ou 7.200 L/dia (23760)","high","1"
"neosolar_chargers_27386","https://portalb2b.neosolar.com.br/b2b-noimage-white.svg","NEOSOLAR","","chargers","0","","","","","images\NEOSOLAR-CHARGERS\NEOSOLAR_CHARGERS_27386.jpg","images\NEOSOLAR-CHARGERS\NEOSOLAR_CHARGERS_27386.jpg","portalb2b.neosolar.com.br","false","*KIT TESTE PORTAL B2B NÃO UTILIZAR*","high","0"
"neosolar_chargers_25024","https://portal.zydon.com.br/api/files/c4246867-fa3d-406b-96af-325f3e22e2ea/content?ingress=portalb2b.neosolar.com.br","NEOSOLAR","","chargers","17535","15860","","380","96","images\NEOSOLAR-CHARGERS\NEOSOLAR_CHARGERS_25024.jpg","images\NEOSOLAR-CHARGERS\NEOSOLAR_CHARGERS_25024.jpg","portalb2b.neosolar.com.br","false","Kit Solar p/ Bomba (CA) até 7.5CV 380V - Apollo GS500 7.5G - 15.86kWp","high","3"
"neosolar_chargers_25012","https://portal.zydon.com.br/api/files/e2b51192-3fa9-44ca-a3cc-1027916c512a/content?ingress=portalb2b.neosolar.com.br","NEOSOLAR","","chargers","5663","","","","512","images\NEOSOLAR-CHARGERS\NEOSOLAR_CHARGERS_25012.jpg","images\NEOSOLAR-CHARGERS\NEOSOLAR_CHARGERS_25012.jpg","portalb2b.neosolar.com.br","false","Kit Bomba Solar Híbrida ZTROON - 4ZTPC14-125-200-2200-A/D - até 125m ou 70.000L/dia","high","1"
"neosolar_chargers_26360","https://portal.zydon.com.br/api/files/c20c0bdb-e332-4394-879f-9d7427a99eb6/content?ingress=portalb2b.neosolar.com.br","NEOSOLAR","","chargers","21145","18270","","380","7427","images\NEOSOLAR-CHARGERS\NEOSOLAR_CHARGERS_26360.jpg","images\NEOSOLAR-CHARGERS\NEOSOLAR_CHARGERS_26360.jpg","portalb2b.neosolar.com.br","false","Kit Solar p/ Bomba (CA) até 7.5CV 380V - Apollo GS500 7.5G - 18.27kWp","high","3"
"neosolar_chargers_20043","https://portal.zydon.com.br/api/files/d926de50-d753-453d-95c8-19ef3baba058/content?ingress=portalb2b.neosolar.com.br","NEOSOLAR","","chargers","1000","","","12","","images\NEOSOLAR-CHARGERS\NEOSOLAR_CHARGERS_20043.jpg","images\NEOSOLAR-CHARGERS\NEOSOLAR_CHARGERS_20043.jpg","portalb2b.neosolar.com.br","false","Bomba Solar Superfície 12V Shurflo 2088 - até 35m ou 4.750 L/dia","high","1"
"neosolar_chargers_20861","https://portal.zydon.com.br/api/files/6d85d17e-76a5-424a-864d-4fdf5a83ce0c/content?ingress=portalb2b.neosolar.com.br","NEOSOLAR","","chargers","1445","500","","","76","images\NEOSOLAR-CHARGERS\NEOSOLAR_CHARGERS_20861.jpg","images\NEOSOLAR-CHARGERS\NEOSOLAR_CHARGERS_20861.jpg","portalb2b.neosolar.com.br","false","""Bomba Solar ZTROON 3"""" - 45m ou 25m³/dia | 3ZTPC5-45-48-500W""","high","2"
"neosolar_chargers_21757","https://portal.zydon.com.br/api/files/ab60c860-b511-4bf3-a282-03cfda4cc71b/content?ingress=portalb2b.neosolar.com.br","NEOSOLAR","","chargers","0","","","","","images\NEOSOLAR-CHARGERS\NEOSOLAR_CHARGERS_21757.jpg","images\NEOSOLAR-CHARGERS\NEOSOLAR_CHARGERS_21757.jpg","portalb2b.neosolar.com.br","false","Kit Bomba Solar Anauger R100 STD - até 40m ou 4.600 L/dia","high","0"
"neosolar_chargers_24715","https://portal.zydon.com.br/api/files/5ea4a37d-0760-4da0-9553-7dfa2c64efa7/content?ingress=portalb2b.neosolar.com.br","NEOSOLAR","","chargers","28864","23490","","380","4","images\NEOSOLAR-CHARGERS\NEOSOLAR_CHARGERS_24715.jpg","images\NEOSOLAR-CHARGERS\NEOSOLAR_CHARGERS_24715.jpg","portalb2b.neosolar.com.br","false","Kit Solar p/ Bomba (CA) até 10CV 380V - Apollo GS500 11G - 23.49kWp","high","3"
"neosolar_chargers_24714","https://portal.zydon.com.br/api/files/e1e996fb-c9d5-4ff4-8b82-264c320f9ac3/content?ingress=portalb2b.neosolar.com.br","NEOSOLAR","","chargers","22301","18270","","380","9","images\NEOSOLAR-CHARGERS\neosolar_chargers_24714.jpg","images\NEOSOLAR-CHARGERS\neosolar_chargers_24714.jpg","portalb2b.neosolar.com.br","false","Kit Solar p/ Bomba (CA) até 7.5CV 380V - Apollo GS500 7.5G - 18.27kWp","high","3"
"neosolar_chargers_24713","https://portal.zydon.com.br/api/files/eaf99130-ac79-4c3a-a0c4-c8a143d6d11b/content?ingress=portalb2b.neosolar.com.br","NEOSOLAR","","chargers","7599","","","240","3","images\NEOSOLAR-CHARGERS\neosolar_chargers_24713.jpg","images\NEOSOLAR-CHARGERS\neosolar_chargers_24713.jpg","portalb2b.neosolar.com.br","false","""Kit Solar p/ Bomba (CA) até 3CV 240V - Apollo GS500 2.2G-2SB - 5","high","2"
"neosolar_chargers_21751","https://portal.zydon.com.br/api/files/b9605151-bb09-4947-9a4f-90e8ff88644a/content?ingress=portalb2b.neosolar.com.br","NEOSOLAR","","chargers","0","","","","9","images\NEOSOLAR-CHARGERS\neosolar_chargers_21751.jpg","images\NEOSOLAR-CHARGERS\neosolar_chargers_21751.jpg","portalb2b.neosolar.com.br","false","Kit Bomba Solar Anauger P100 MAXX - até 40m ou 8.600 L/dia","high","1"
"neosolar_chargers_21741","https://portal.zydon.com.br/api/files/fc73ba4c-0a8c-4a57-a468-4f7106ed1530/content?ingress=portalb2b.neosolar.com.br","NEOSOLAR","","chargers","0","","","12","","images\NEOSOLAR-CHARGERS\neosolar_chargers_21741.jpg","images\NEOSOLAR-CHARGERS\neosolar_chargers_21741.jpg","portalb2b.neosolar.com.br","false","Kit Bomba Solar 12V Shurflo 2088 MAXX - até 35m ou 4.750 L/dia","high","2"
"neosolar_chargers_21743","https://portal.zydon.com.br/api/files/61c45504-b478-43fa-9391-54c2481a3cc9/content?ingress=portalb2b.neosolar.com.br","NEOSOLAR","","chargers","0","","","24","2481","images\NEOSOLAR-CHARGERS\neosolar_chargers_21743.jpg","images\NEOSOLAR-CHARGERS\neosolar_chargers_21743.jpg","portalb2b.neosolar.com.br","false","Kit Bomba Solar 24V Shurflo 9325 - até 70m ou 2.520 L/dia","high","2"
"neosolar_chargers_21756","https://portal.zydon.com.br/api/files/568a94ba-44d0-4501-8571-d8a624ea49eb/content?ingress=portalb2b.neosolar.com.br","NEOSOLAR","","chargers","0","","","","568","images\NEOSOLAR-CHARGERS\neosolar_chargers_21756.jpg","images\NEOSOLAR-CHARGERS\neosolar_chargers_21756.jpg","portalb2b.neosolar.com.br","false","Kit Bomba Solar Anauger R100 MAXX - até 40m ou 8.600 L/dia","high","1"
"neosolar_chargers_21755","https://portal.zydon.com.br/api/files/ac1b53cb-4987-4b7c-968f-46a9e4d2f0c7/content?ingress=portalb2b.neosolar.com.br","NEOSOLAR","","chargers","0","","","","46","images\NEOSOLAR-CHARGERS\neosolar_chargers_21755.jpg","images\NEOSOLAR-CHARGERS\neosolar_chargers_21755.jpg","portalb2b.neosolar.com.br","false","Kit Bomba Solar Anauger P100 STD - até 40m ou 4.600 L/dia","high","1"
"neosolar_chargers_21742","https://portal.zydon.com.br/api/files/a21caffb-f1c0-42ae-ae81-480cc44c54ae/content?ingress=portalb2b.neosolar.com.br","NEOSOLAR","","chargers","0","","","12","42","images\NEOSOLAR-CHARGERS\neosolar_chargers_21742.jpg","images\NEOSOLAR-CHARGERS\neosolar_chargers_21742.jpg","portalb2b.neosolar.com.br","false","Kit Bomba Solar 12V Shurflo 2088 STD - até 14m ou 4.750 L/dia","high","2"
"neosolar_chargers_26526","https://portalb2b.neosolar.com.br/b2b-noimage-white.svg","NEOSOLAR","","chargers","8098","","","","","images\NEOSOLAR-CHARGERS\neosolar_chargers_26526.jpg","images\NEOSOLAR-CHARGERS\neosolar_chargers_26526.jpg","portalb2b.neosolar.com.br","false","https://portalb2b.neosolar.com.br/b2b-noimage-white.svg","high","0"
"neosolar_chargers_26361","https://portalb2b.neosolar.com.br/b2b-noimage-white.svg","NEOSOLAR","","chargers","27514","23490","","380","","images\NEOSOLAR-CHARGERS\neosolar_chargers_26361.jpg","images\NEOSOLAR-CHARGERS\neosolar_chargers_26361.jpg","portalb2b.neosolar.com.br","false","Kit Solar p/ Bomba (CA) até 10CV 380V - Apollo GS500 11G - 23.49kWp","high","2"
"neosolar_chargers_26525","https://portalb2b.neosolar.com.br/b2b-noimage-white.svg","NEOSOLAR","","chargers","6611","","","","","images\NEOSOLAR-CHARGERS\neosolar_chargers_26525.jpg","images\NEOSOLAR-CHARGERS\neosolar_chargers_26525.jpg","portalb2b.neosolar.com.br","false","https://portalb2b.neosolar.com.br/b2b-noimage-white.svg","high","0"
"neosolar_chargers_26359","https://portal.zydon.com.br/api/files/81e6092a-b1d7-4a42-8486-ba68758fc7d6/content?ingress=portalb2b.neosolar.com.br","NEOSOLAR","","chargers","7403","","","240","6092","images\NEOSOLAR-CHARGERS\neosolar_chargers_26359.jpg","images\NEOSOLAR-CHARGERS\neosolar_chargers_26359.jpg","portalb2b.neosolar.com.br","false","""Kit Solar p/ Bomba (CA) até 3CV 240V - Apollo GS500 2.2G-2SB - 5","high","2"
"neosolar_chargers_20858","https://portal.zydon.com.br/api/files/2ca2d6db-5ffd-4cc1-8bd9-1bf494ee5acf/content?ingress=portalb2b.neosolar.com.br","NEOSOLAR","","chargers","1365","210","","","5","images\NEOSOLAR-CHARGERS\neosolar_chargers_20858.jpg","images\NEOSOLAR-CHARGERS\neosolar_chargers_20858.jpg","portalb2b.neosolar.com.br","false","""Bomba Solar ZTROON 3"""" - 77m ou 6m³/dia | 3ZTS1.2-77-24-210W""","high","2"
"neosolar_chargers_20866","https://portal.zydon.com.br/api/files/4d490dce-709d-4a2c-96c1-8ab22506df7d/content?ingress=portalb2b.neosolar.com.br","NEOSOLAR","","chargers","1284","","","","4","images\NEOSOLAR-CHARGERS\neosolar_chargers_20866.jpg","images\NEOSOLAR-CHARGERS\neosolar_chargers_20866.jpg","portalb2b.neosolar.com.br","false","Bomba Solar Superfície ZTROON - 24m ou 30m³/dia | ZTHF6-24-48-550","high","1"
"neosolar_chargers_20873","https://portal.zydon.com.br/api/files/331a10ac-c599-4890-bad0-285615bf2b4a/content?ingress=portalb2b.neosolar.com.br","NEOSOLAR","","chargers","888","","","96","331","images\NEOSOLAR-CHARGERS\neosolar_chargers_20873.jpg","images\NEOSOLAR-CHARGERS\neosolar_chargers_20873.jpg","portalb2b.neosolar.com.br","false","Driver para Bomba Solar ZTROON - Controlador MPPT de 96V","high","2"
"neosolar_chargers_20865","https://portal.zydon.com.br/api/files/455e03c7-4db1-46ac-9eb6-08ae1196e1ef/content?ingress=portalb2b.neosolar.com.br","NEOSOLAR","","chargers","1003","","","","46","images\NEOSOLAR-CHARGERS\neosolar_chargers_20865.jpg","images\NEOSOLAR-CHARGERS\neosolar_chargers_20865.jpg","portalb2b.neosolar.com.br","false","Bomba Solar Superfície ZTROON - 25m ou 10m³/dia | ZTQB2-25-24-210","high","1"
"neosolar_chargers_24468","https://portal.zydon.com.br/api/files/2a1ffd08-5396-4a60-a730-9bcf57310513/content?ingress=portalb2b.neosolar.com.br","NEOSOLAR","","chargers","3220","","","","2","images\NEOSOLAR-CHARGERS\neosolar_chargers_24468.jpg","images\NEOSOLAR-CHARGERS\neosolar_chargers_24468.jpg","portalb2b.neosolar.com.br","false","""Bomba Solar Híbrida ZTROON 4"""" - até 125m ou 70m³/dia | 4ZTPC14-125-200-2200-A/D""","high","1"
"neosolar_chargers_24594","https://portal.zydon.com.br/api/files/6fd654a3-7fae-4837-9068-0bab56a24ead/content?ingress=portalb2b.neosolar.com.br","NEOSOLAR","","chargers","2177","500","","","654","images\NEOSOLAR-CHARGERS\neosolar_chargers_24594.jpg","images\NEOSOLAR-CHARGERS\neosolar_chargers_24594.jpg","portalb2b.neosolar.com.br","false","Kit Bomba Solar Centrífuga ZTROON - 3ZTPC5-45-48-500W - até 900Wp","high","2"
"neosolar_chargers_24593","https://portal.zydon.com.br/api/files/0671dd0f-4a06-47d8-965c-29f1b84ec353/content?ingress=portalb2b.neosolar.com.br","NEOSOLAR","","chargers","2042","500","","","4","images\NEOSOLAR-CHARGERS\neosolar_chargers_24593.jpg","images\NEOSOLAR-CHARGERS\neosolar_chargers_24593.jpg","portalb2b.neosolar.com.br","false","Kit Bomba Solar Centrífuga ZTROON - 3ZTPC5-45-48-500W - até 45m ou 30.000 L/dia","high","2"
"neosolar_chargers_24609","https://portal.zydon.com.br/api/files/39bbe792-30cf-4e00-8374-1dbf86473b1c/content?ingress=portalb2b.neosolar.com.br","NEOSOLAR","","chargers","2041","550","","","","images\NEOSOLAR-CHARGERS\neosolar_chargers_24609.jpg","images\NEOSOLAR-CHARGERS\neosolar_chargers_24609.jpg","portalb2b.neosolar.com.br","false","Kit Bomba Solar Superfície ZTROON - ZTHF6-24-48-550W - até 900Wp","high","1"
"neosolar_chargers_23762","https://portal.zydon.com.br/api/files/b7be913e-d2a5-4cd5-9c88-f37c2e7fa9ff/content?ingress=portalb2b.neosolar.com.br","NEOSOLAR","","chargers","1262","210","","","2","images\NEOSOLAR-CHARGERS\neosolar_chargers_23762.jpg","images\NEOSOLAR-CHARGERS\neosolar_chargers_23762.jpg","portalb2b.neosolar.com.br","false","Kit Bomba Solar Superfície ZTROON - ZTQB2-25-24-210W - até 25m ou 12m³/dia","high","2"
"FORTLEV-GROWATT-THOR07AS-P","Carregador EV Growatt THOR07AS-P 7kW","Growatt","","ev_chargers","3423.66","7","","","7","","/images/placeholder-charger.jpg","","true","Carregador EV Growatt THOR07AS-P 7kW","","2"
"FORTLEV-FOXESS-A7300P1-E-2","Carregador EV FoxESS A7300P1-E-2 7.3kW","FoxESS","","ev_chargers","2811.46","7.3","","","","","/images/placeholder-charger.jpg","","true","Carregador EV FoxESS A7300P1-E-2 7.3kW","","1"